[{"model": "contenttypes.contenttype", "pk": 1, "fields": {"app_label": "admin", "model": "logentry"}}, {"model": "contenttypes.contenttype", "pk": 2, "fields": {"app_label": "auth", "model": "permission"}}, {"model": "contenttypes.contenttype", "pk": 3, "fields": {"app_label": "auth", "model": "group"}}, {"model": "contenttypes.contenttype", "pk": 4, "fields": {"app_label": "contenttypes", "model": "contenttype"}}, {"model": "contenttypes.contenttype", "pk": 5, "fields": {"app_label": "sessions", "model": "session"}}, {"model": "contenttypes.contenttype", "pk": 6, "fields": {"app_label": "reviews", "model": "user"}}, {"model": "contenttypes.contenttype", "pk": 7, "fields": {"app_label": "reviews", "model": "genretitle"}}, {"model": "contenttypes.contenttype", "pk": 8, "fields": {"app_label": "reviews", "model": "title"}}, {"model": "contenttypes.contenttype", "pk": 9, "fields": {"app_label": "reviews", "model": "review"}}, {"model": "contenttypes.contenttype", "pk": 10, "fields": {"app_label": "reviews", "model": "category"}}, {"model": "contenttypes.contenttype", "pk": 11, "fields": {"app_label": "reviews", "model": "comment"}}, {"model": "contenttypes.contenttype", "pk": 12, "fields": {"app_label": "reviews", "model": "genre"}}, {"model": "sessions.session", "pk": "kvsvuygg6gjar611qizms74wqh2crmcm", "fields": {"session_data": "OTcyNTA0NzgyNDA5ZWI1MzgxMTkzYTMwODNmOGRjMTNhZjAxODE5YTp7Il9hdXRoX3VzZXJfaWQiOiIxIiwiX2F1dGhfdXNlcl9iYWNrZW5kIjoiZGphbmdvLmNvbnRyaWIuYXV0aC5iYWNrZW5kcy5Nb2RlbEJhY2tlbmQiLCJfYXV0aF91c2VyX2hhc2giOiI4ZmI0MjAxMWUxMmFkOGM2ZDkxODZmZjA0ZDRmM2RlNzM5OWM5YTQwIn0=", "expire_date": "2022-07-22T11:07:26.903Z"}}, {"model": "reviews.category", "pk": 1, "fields": {"name": "\u0424\u0438\u043b\u044c\u043c", "slug": "movie"}}, {"model": "reviews.category", "pk": 2, "fields": {"name": "\u041a\u043d\u0438\u0433\u0430", "slug": "book"}}, {"model": "reviews.category", "pk": 3, "fields": {"name": "\u041c\u0443\u0437\u044b\u043a\u0430", "slug": "music"}}, {"model": "reviews.genre", "pk": 1, "fields": {"name": "\u0414\u0440\u0430\u043c\u0430", "slug": "drama"}}, {"model": "reviews.genre", "pk": 2, "fields": {"name": "\u041a\u043e\u043c\u0435\u0434\u0438\u044f", "slug": "comedy"}}, {"model": "reviews.genre", "pk": 3, "fields": {"name": "\u0412\u0435\u0441\u0442\u0435\u0440\u043d", "slug": "western"}}, {"model": "reviews.genre", "pk": 4, "fields": {"name": "\u0424\u044d\u043d\u0442\u0435\u0437\u0438", "slug": "fantasy"}}, {"model": "reviews.genre", "pk": 5, "fields": {"name": "\u0424\u0430\u043d\u0442\u0430\u0441\u0442\u0438\u043a\u0430", "slug": "sci-fi"}}, {"model": "reviews.genre", "pk": 6, "fields": {"name": "\u0414\u0435\u0442\u0435\u043a\u0442\u0438\u0432", "slug": "detective"}}, {"model": "reviews.genre", "pk": 7, "fields": {"name": "\u0422\u0440\u0438\u043b\u043b\u0435\u0440", "slug": "thriller"}}, {"model": "reviews.genre", "pk": 8, "fields": {"name": "\u0421\u043a\u0430\u0437\u043a\u0430", "slug": "tale"}}, {"model": "reviews.genre", "pk": 9, "fields": {"name": "\u0413\u043e\u043d\u0437\u043e", "slug": "gonzo"}}, {"model": "reviews.genre", "pk": 10, "fields": {"name": "\u0420\u043e\u043c\u0430\u043d", "slug": "roman"}}, {"model": "reviews.genre", "pk": 11, "fields": {"name": "\u0411\u0430\u043b\u043b\u0430\u0434\u0430", "slug": "ballad"}}, {"model": "reviews.genre", "pk": 12, "fields": {"name": "Rock-n-roll", "slug": "rock-n-roll"}}, {"model": "reviews.genre", "pk": 13, "fields": {"name": "\u041a\u043b\u0430\u0441\u0441\u0438\u043a\u0430", "slug": "classical"}}, {"model": "reviews.genre", "pk": 14, "fields": {"name": "\u0420\u043e\u043a", "slug": "rock"}}, {"model": "reviews.genre", "pk": 15, "fields": {"name": "\u0428\u0430\u043d\u0441\u043e\u043d", "slug": "chanson"}}, {"model": "reviews.title", "pk": 1, "fields": {"name": "\u041f\u043e\u0431\u0435\u0433 \u0438\u0437 \u0428\u043e\u0443\u0448\u0435\u043d\u043a\u0430", "year": 1994, "description": "", "category": 1}}, {"model": "reviews.title", "pk": 2, "fields": {"name": "\u041a\u0440\u0435\u0441\u0442\u043d\u044b\u0439 \u043e\u0442\u0435\u0446", "year": 1972, "description": "", "category": 1}}, {"model": "reviews.title", "pk": 3, "fields": {"name": "12 \u0440\u0430\u0437\u0433\u043d\u0435\u0432\u0430\u043d\u043d\u044b\u0445 \u043c\u0443\u0436\u0447\u0438\u043d", "year": 1957, "description": "", "category": 1}}, {"model": "reviews.title", "pk": 4, "fields": {"name": "\u0421\u043f\u0438\u0441\u043e\u043a \u0428\u0438\u043d\u0434\u043b\u0435\u0440\u0430", "year": 1993, "description": "", "category": 1}}, {"model": "reviews.title", "pk": 5, "fields": {"name": "\u041a\u0440\u0438\u043c\u0438\u043d\u0430\u043b\u044c\u043d\u043e\u0435 \u0447\u0442\u0438\u0432\u043e", "year": 1994, "description": "", "category": 1}}, {"model": "reviews.title", "pk": 6, "fields": {"name": "\u0425\u043e\u0440\u043e\u0448\u0438\u0439, \u043f\u043b\u043e\u0445\u043e\u0439, \u0437\u043b\u043e\u0439", "year": 1966, "description": "", "category": 1}}, {"model": "reviews.title", "pk": 7, "fields": {"name": "\u0412\u043b\u0430\u0441\u0442\u0435\u043b\u0438\u043d \u043a\u043e\u043b\u0435\u0446: \u0411\u0440\u0430\u0442\u0441\u0442\u0432\u043e \u043a\u043e\u043b\u044c\u0446\u0430", "year": 2001, "description": "", "category": 1}}, {"model": "reviews.title", "pk": 8, "fields": {"name": "\u0411\u043e\u0439\u0446\u043e\u0432\u0441\u043a\u0438\u0439 \u043a\u043b\u0443\u0431", "year": 1999, "description": "", "category": 1}}, {"model": "reviews.title", "pk": 9, "fields": {"name": "\u0424\u043e\u0440\u0440\u0435\u0441\u0442 \u0413\u0430\u043c\u043f", "year": 1994, "description": "", "category": 1}}, {"model": "reviews.title", "pk": 10, "fields": {"name": "\u0417\u0432\u0451\u0437\u0434\u043d\u044b\u0435 \u0432\u043e\u0439\u043d\u044b. \u042d\u043f\u0438\u0437\u043e\u0434 5: \u0418\u043c\u043f\u0435\u0440\u0438\u044f \u043d\u0430\u043d\u043e\u0441\u0438\u0442 \u043e\u0442\u0432\u0435\u0442\u043d\u044b\u0439 \u0443\u0434\u0430\u0440", "year": 1980, "description": "", "category": 1}}, {"model": "reviews.title", "pk": 11, "fields": {"name": "\u0412\u043b\u0430\u0441\u0442\u0435\u043b\u0438\u043d \u043a\u043e\u043b\u0435\u0446: \u0414\u0432\u0435 \u043a\u0440\u0435\u043f\u043e\u0441\u0442\u0438", "year": 2002, "description": "", "category": 1}}, {"model": "reviews.title", "pk": 12, "fields": {"name": "\u041c\u0430\u0442\u0440\u0438\u0446\u0430", "year": 1999, "description": "", "category": 1}}, {"model": "reviews.title", "pk": 13, "fields": {"name": "\u041f\u0440\u043e\u043b\u0435\u0442\u0430\u044f \u043d\u0430\u0434 \u0433\u043d\u0435\u0437\u0434\u043e\u043c \u043a\u0443\u043a\u0443\u0448\u043a\u0438", "year": 1975, "description": "", "category": 1}}, {"model": "reviews.title", "pk": 14, "fields": {"name": "\u041d\u0430\u0437\u0430\u0434 \u0432 \u0431\u0443\u0434\u0443\u0449\u0435\u0435", "year": 1985, "description": "", "category": 1}}, {"model": "reviews.title", "pk": 15, "fields": {"name": "\u041e\u043f\u0435\u0440\u0430\u0446\u0438\u044f \u00ab\u042b\u00bb \u0438 \u0434\u0440\u0443\u0433\u0438\u0435 \u043f\u0440\u0438\u043a\u043b\u044e\u0447\u0435\u043d\u0438\u044f \u0428\u0443\u0440\u0438\u043a\u0430", "year": 1965, "description": "", "category": 1}}, {"model": "reviews.title", "pk": 16, "fields": {"name": "\u041a\u0430\u0440\u0442\u044b, \u0434\u0435\u043d\u044c\u0433\u0438, \u0434\u0432\u0430 \u0441\u0442\u0432\u043e\u043b\u0430", "year": 1998, "description": "", "category": 1}}, {"model": "reviews.title", "pk": 17, "fields": {"name": "\u0414\u0436\u0435\u043d\u0442\u043b\u044c\u043c\u0435\u043d\u044b \u0443\u0434\u0430\u0447\u0438 ", "year": 1971, "description": "", "category": 1}}, {"model": "reviews.title", "pk": 18, "fields": {"name": "\u0414\u0436\u0430\u043d\u0433\u043e \u043e\u0441\u0432\u043e\u0431\u043e\u0436\u0434\u0435\u043d\u043d\u044b\u0439", "year": 2012, "description": "", "category": 1}}, {"model": "reviews.title", "pk": 19, "fields": {"name": "Generation \u041f", "year": 2011, "description": "", "category": 1}}, {"model": "reviews.title", "pk": 20, "fields": {"name": "\u041a\u043e\u043b\u043e\u0431\u043e\u043a", "year": 1873, "description": "", "category": 2}}, {"model": "reviews.title", "pk": 21, "fields": {"name": "\u0421\u0442\u0440\u0430\u0445 \u0438 \u043d\u0435\u043d\u0430\u0432\u0438\u0441\u0442\u044c \u0432 \u041b\u0430\u0441-\u0412\u0435\u0433\u0430\u0441\u0435", "year": 1971, "description": "", "category": 2}}, {"model": "reviews.title", "pk": 22, "fields": {"name": "\u0412\u043e\u0439\u043d\u0430 \u0438 \u043c\u0438\u0440", "year": 1865, "description": "", "category": 2}}, {"model": "reviews.title", "pk": 23, "fields": {"name": "\u0423\u043b\u0438\u0441\u0441", "year": 1918, "description": "", "category": 2}}, {"model": "reviews.title", "pk": 24, "fields": {"name": "Generation \u041f", "year": 1999, "description": "", "category": 2}}, {"model": "reviews.title", "pk": 25, "fields": {"name": "\u0412\u0438\u043d\u043d\u0438 \u041f\u0443\u0445 \u0438 \u0432\u0441\u0435-\u0432\u0441\u0435-\u0432\u0441\u0435", "year": 1926, "description": "", "category": 2}}, {"model": "reviews.title", "pk": 26, "fields": {"name": "\u0421\u0442\u0430\u0441 \u041c\u0438\u0445\u0430\u0439\u043b\u043e\u0432 - \u041f\u043e\u0437\u044b\u0432\u043d\u044b\u0435 \u043d\u0430 \u043b\u044e\u0431\u043e\u0432\u044c", "year": 2004, "description": "", "category": 3}}, {"model": "reviews.title", "pk": 27, "fields": {"name": "Led Zeppelin \u2014 Stairway to Heaven", "year": 1971, "description": "", "category": 3}}, {"model": "reviews.title", "pk": 28, "fields": {"name": "Jethro Tull - Aqualung", "year": 1971, "description": "", "category": 3}}, {"model": "reviews.title", "pk": 29, "fields": {"name": "Elvis Presley - Blue Suede Shoes", "year": 1955, "description": "", "category": 3}}, {"model": "reviews.title", "pk": 30, "fields": {"name": "Deep Purple \u2014 Smoke on the Water", "year": 1971, "description": "", "category": 3}}, {"model": "reviews.title", "pk": 31, "fields": {"name": "\u041c\u043e\u0446\u0430\u0440\u0442 - \u0422\u0443\u0440\u0435\u0446\u043a\u0438\u0439 \u043c\u0430\u0440\u0448", "year": 1784, "description": "", "category": 3}}, {"model": "reviews.title", "pk": 32, "fields": {"name": "\u0411\u0430\u0445. \u041e\u0440\u043a\u0435\u0441\u0442\u0440\u043e\u0432\u0430\u044f \u0421\u044e\u0438\u0442\u0430 \u21162 \u0441\u0438 \u043c\u0438\u043d\u043e\u0440", "year": 1739, "description": "", "category": 3}}, {"model": "reviews.genretitle", "pk": 1, "fields": {"genre": 1, "title": 1}}, {"model": "reviews.genretitle", "pk": 2, "fields": {"genre": 1, "title": 2}}, {"model": "reviews.genretitle", "pk": 3, "fields": {"genre": 1, "title": 3}}, {"model": "reviews.genretitle", "pk": 4, "fields": {"genre": 1, "title": 4}}, {"model": "reviews.genretitle", "pk": 5, "fields": {"genre": 2, "title": 5}}, {"model": "reviews.genretitle", "pk": 6, "fields": {"genre": 6, "title": 5}}, {"model": "reviews.genretitle", "pk": 7, "fields": {"genre": 7, "title": 5}}, {"model": "reviews.genretitle", "pk": 8, "fields": {"genre": 3, "title": 6}}, {"model": "reviews.genretitle", "pk": 9, "fields": {"genre": 4, "title": 7}}, {"model": "reviews.genretitle", "pk": 10, "fields": {"genre": 7, "title": 8}}, {"model": "reviews.genretitle", "pk": 11, "fields": {"genre": 1, "title": 9}}, {"model": "reviews.genretitle", "pk": 12, "fields": {"genre": 2, "title": 9}}, {"model": "reviews.genretitle", "pk": 13, "fields": {"genre": 4, "title": 10}}, {"model": "reviews.genretitle", "pk": 14, "fields": {"genre": 4, "title": 11}}, {"model": "reviews.genretitle", "pk": 15, "fields": {"genre": 1, "title": 12}}, {"model": "reviews.genretitle", "pk": 16, "fields": {"genre": 5, "title": 12}}, {"model": "reviews.genretitle", "pk": 17, "fields": {"genre": 6, "title": 12}}, {"model": "reviews.genretitle", "pk": 18, "fields": {"genre": 8, "title": 12}}, {"model": "reviews.genretitle", "pk": 19, "fields": {"genre": 1, "title": 13}}, {"model": "reviews.genretitle", "pk": 20, "fields": {"genre": 5, "title": 14}}, {"model": "reviews.genretitle", "pk": 21, "fields": {"genre": 2, "title": 15}}, {"model": "reviews.genretitle", "pk": 22, "fields": {"genre": 6, "title": 15}}, {"model": "reviews.genretitle", "pk": 23, "fields": {"genre": 8, "title": 15}}, {"model": "reviews.genretitle", "pk": 24, "fields": {"genre": 2, "title": 16}}, {"model": "reviews.genretitle", "pk": 25, "fields": {"genre": 2, "title": 17}}, {"model": "reviews.genretitle", "pk": 26, "fields": {"genre": 1, "title": 18}}, {"model": "reviews.genretitle", "pk": 27, "fields": {"genre": 1, "title": 19}}, {"model": "reviews.genretitle", "pk": 28, "fields": {"genre": 7, "title": 20}}, {"model": "reviews.genretitle", "pk": 29, "fields": {"genre": 8, "title": 20}}, {"model": "reviews.genretitle", "pk": 30, "fields": {"genre": 9, "title": 21}}, {"model": "reviews.genretitle", "pk": 31, "fields": {"genre": 10, "title": 22}}, {"model": "reviews.genretitle", "pk": 32, "fields": {"genre": 10, "title": 23}}, {"model": "reviews.genretitle", "pk": 33, "fields": {"genre": 10, "title": 24}}, {"model": "reviews.genretitle", "pk": 34, "fields": {"genre": 8, "title": 25}}, {"model": "reviews.genretitle", "pk": 35, "fields": {"genre": 15, "title": 26}}, {"model": "reviews.genretitle", "pk": 36, "fields": {"genre": 11, "title": 27}}, {"model": "reviews.genretitle", "pk": 37, "fields": {"genre": 14, "title": 27}}, {"model": "reviews.genretitle", "pk": 38, "fields": {"genre": 11, "title": 28}}, {"model": "reviews.genretitle", "pk": 39, "fields": {"genre": 12, "title": 29}}, {"model": "reviews.genretitle", "pk": 40, "fields": {"genre": 14, "title": 30}}, {"model": "reviews.genretitle", "pk": 41, "fields": {"genre": 13, "title": 31}}, {"model": "reviews.genretitle", "pk": 42, "fields": {"genre": 13, "title": 32}}, {"model": "auth.permission", "pk": 1, "fields": {"name": "Can add log entry", "content_type": 1, "codename": "add_logentry"}}, {"model": "auth.permission", "pk": 2, "fields": {"name": "Can change log entry", "content_type": 1, "codename": "change_logentry"}}, {"model": "auth.permission", "pk": 3, "fields": {"name": "Can delete log entry", "content_type": 1, "codename": "delete_logentry"}}, {"model": "auth.permission", "pk": 4, "fields": {"name": "Can view log entry", "content_type": 1, "codename": "view_logentry"}}, {"model": "auth.permission", "pk": 5, "fields": {"name": "Can add permission", "content_type": 2, "codename": "add_permission"}}, {"model": "auth.permission", "pk": 6, "fields": {"name": "Can change permission", "content_type": 2, "codename": "change_permission"}}, {"model": "auth.permission", "pk": 7, "fields": {"name": "Can delete permission", "content_type": 2, "codename": "delete_permission"}}, {"model": "auth.permission", "pk": 8, "fields": {"name": "Can view permission", "content_type": 2, "codename": "view_permission"}}, {"model": "auth.permission", "pk": 9, "fields": {"name": "Can add group", "content_type": 3, "codename": "add_group"}}, {"model": "auth.permission", "pk": 10, "fields": {"name": "Can change group", "content_type": 3, "codename": "change_group"}}, {"model": "auth.permission", "pk": 11, "fields": {"name": "Can delete group", "content_type": 3, "codename": "delete_group"}}, {"model": "auth.permission", "pk": 12, "fields": {"name": "Can view group", "content_type": 3, "codename": "view_group"}}, {"model": "auth.permission", "pk": 13, "fields": {"name": "Can add content type", "content_type": 4, "codename": "add_contenttype"}}, {"model": "auth.permission", "pk": 14, "fields": {"name": "Can change content type", "content_type": 4, "codename": "change_contenttype"}}, {"model": "auth.permission", "pk": 15, "fields": {"name": "Can delete content type", "content_type": 4, "codename": "delete_contenttype"}}, {"model": "auth.permission", "pk": 16, "fields": {"name": "Can view content type", "content_type": 4, "codename": "view_contenttype"}}, {"model": "auth.permission", "pk": 17, "fields": {"name": "Can add session", "content_type": 5, "codename": "add_session"}}, {"model": "auth.permission", "pk": 18, "fields": {"name": "Can change session", "content_type": 5, "codename": "change_session"}}, {"model": "auth.permission", "pk": 19, "fields": {"name": "Can delete session", "content_type": 5, "codename": "delete_session"}}, {"model": "auth.permission", "pk": 20, "fields": {"name": "Can view session", "content_type": 5, "codename": "view_session"}}, {"model": "auth.permission", "pk": 21, "fields": {"name": "Can add \u041f\u043e\u043b\u044c\u0437\u043e\u0432\u0430\u0442\u0435\u043b\u044c", "content_type": 6, "codename": "add_user"}}, {"model": "auth.permission", "pk": 22, "fields": {"name": "Can change \u041f\u043e\u043b\u044c\u0437\u043e\u0432\u0430\u0442\u0435\u043b\u044c", "content_type": 6, "codename": "change_user"}}, {"model": "auth.permission", "pk": 23, "fields": {"name": "Can delete \u041f\u043e\u043b\u044c\u0437\u043e\u0432\u0430\u0442\u0435\u043b\u044c", "content_type": 6, "codename": "delete_user"}}, {"model": "auth.permission", "pk": 24, "fields": {"name": "Can view \u041f\u043e\u043b\u044c\u0437\u043e\u0432\u0430\u0442\u0435\u043b\u044c", "content_type": 6, "codename": "view_user"}}, {"model": "auth.permission", "pk": 25, "fields": {"name": "Can add \u0416\u0430\u043d\u0440 - \u041d\u0430\u0437\u0432\u0430\u043d\u0438\u0435 \u043f\u0440\u043e\u0438\u0437\u0432\u0435\u0434\u0435\u043d\u0438\u044f", "content_type": 7, "codename": "add_genretitle"}}, {"model": "auth.permission", "pk": 26, "fields": {"name": "Can change \u0416\u0430\u043d\u0440 - \u041d\u0430\u0437\u0432\u0430\u043d\u0438\u0435 \u043f\u0440\u043e\u0438\u0437\u0432\u0435\u0434\u0435\u043d\u0438\u044f", "content_type": 7, "codename": "change_genretitle"}}, {"model": "auth.permission", "pk": 27, "fields": {"name": "Can delete \u0416\u0430\u043d\u0440 - \u041d\u0430\u0437\u0432\u0430\u043d\u0438\u0435 \u043f\u0440\u043e\u0438\u0437\u0432\u0435\u0434\u0435\u043d\u0438\u044f", "content_type": 7, "codename": "delete_genretitle"}}, {"model": "auth.permission", "pk": 28, "fields": {"name": "Can view \u0416\u0430\u043d\u0440 - \u041d\u0430\u0437\u0432\u0430\u043d\u0438\u0435 \u043f\u0440\u043e\u0438\u0437\u0432\u0435\u0434\u0435\u043d\u0438\u044f", "content_type": 7, "codename": "view_genretitle"}}, {"model": "auth.permission", "pk": 29, "fields": {"name": "Can add \u041d\u0430\u0437\u0432\u0430\u043d\u0438\u0435", "content_type": 8, "codename": "add_title"}}, {"model": "auth.permission", "pk": 30, "fields": {"name": "Can change \u041d\u0430\u0437\u0432\u0430\u043d\u0438\u0435", "content_type": 8, "codename": "change_title"}}, {"model": "auth.permission", "pk": 31, "fields": {"name": "Can delete \u041d\u0430\u0437\u0432\u0430\u043d\u0438\u0435", "content_type": 8, "codename": "delete_title"}}, {"model": "auth.permission", "pk": 32, "fields": {"name": "Can view \u041d\u0430\u0437\u0432\u0430\u043d\u0438\u0435", "content_type": 8, "codename": "view_title"}}, {"model": "auth.permission", "pk": 33, "fields": {"name": "Can add \u041e\u0442\u0437\u044b\u0432", "content_type": 9, "codename": "add_review"}}, {"model": "auth.permission", "pk": 34, "fields": {"name": "Can change \u041e\u0442\u0437\u044b\u0432", "content_type": 9, "codename": "change_review"}}, {"model": "auth.permission", "pk": 35, "fields": {"name": "Can delete \u041e\u0442\u0437\u044b\u0432", "content_type": 9, "codename": "delete_review"}}, {"model": "auth.permission", "pk": 36, "fields": {"name": "Can view \u041e\u0442\u0437\u044b\u0432", "content_type": 9, "codename": "view_review"}}, {"model": "auth.permission", "pk": 37, "fields": {"name": "Can add \u041a\u0430\u0442\u0435\u0433\u043e\u0440\u0438\u044f", "content_type": 10, "codename": "add_category"}}, {"model": "auth.permission", "pk": 38, "fields": {"name": "Can change \u041a\u0430\u0442\u0435\u0433\u043e\u0440\u0438\u044f", "content_type": 10, "codename": "change_category"}}, {"model": "auth.permission", "pk": 39, "fields": {"name": "Can delete \u041a\u0430\u0442\u0435\u0433\u043e\u0440\u0438\u044f", "content_type": 10, "codename": "delete_category"}}, {"model": "auth.permission", "pk": 40, "fields": {"name": "Can view \u041a\u0430\u0442\u0435\u0433\u043e\u0440\u0438\u044f", "content_type": 10, "codename": "view_category"}}, {"model": "auth.permission", "pk": 41, "fields": {"name": "Can add \u041a\u043e\u043c\u043c\u0435\u043d\u0442\u0430\u0440\u0438\u0439", "content_type": 11, "codename": "add_comment"}}, {"model": "auth.permission", "pk": 42, "fields": {"name": "Can change \u041a\u043e\u043c\u043c\u0435\u043d\u0442\u0430\u0440\u0438\u0439", "content_type": 11, "codename": "change_comment"}}, {"model": "auth.permission", "pk": 43, "fields": {"name": "Can delete \u041a\u043e\u043c\u043c\u0435\u043d\u0442\u0430\u0440\u0438\u0439", "content_type": 11, "codename": "delete_comment"}}, {"model": "auth.permission", "pk": 44, "fields": {"name": "Can view \u041a\u043e\u043c\u043c\u0435\u043d\u0442\u0430\u0440\u0438\u0439", "content_type": 11, "codename": "view_comment"}}, {"model": "auth.permission", "pk": 45, "fields": {"name": "Can add \u0416\u0430\u043d\u0440", "content_type": 12, "codename": "add_genre"}}, {"model": "auth.permission", "pk": 46, "fields": {"name": "Can change \u0416\u0430\u043d\u0440", "content_type": 12, "codename": "change_genre"}}, {"model": "auth.permission", "pk": 47, "fields": {"name": "Can delete \u0416\u0430\u043d\u0440", "content_type": 12, "codename": "delete_genre"}}, {"model": "auth.permission", "pk": 48, "fields": {"name": "Can view \u0416\u0430\u043d\u0440", "content_type": 12, "codename": "view_genre"}}, {"model": "reviews.user", "pk": 1, "fields": {"password": "pbkdf2_sha256$150000$JUaZQhCrNl8e$Qoil/X5XoW0m/CaLM404RgZbB8OiAI9iIp0oyacbIpg=", "last_login": "2022-07-08T11:07:26.898Z", "is_superuser": true, "username": "roman", "first_name": "", "last_name": "", "is_staff": true, "is_active": true, "date_joined": "2022-07-08T11:07:10.731Z", "bio": "", "role": "user", "confirm_code": null, "email": "1@1.com", "groups": [], "user_permissions": []}}, {"model": "reviews.user", "pk": 100, "fields": {"password": "", "last_login": null, "is_superuser": false, "username": "bingobongo", "first_name": "", "last_name": "", "is_staff": false, "is_active": true, "date_joined": "2022-07-08T11:10:13.244Z", "bio": "", "role": "user", "confirm_code": null, "email": "bingobongo@yamdb.fake", "groups": [], "user_permissions": []}}, {"model": "reviews.user", "pk": 101, "fields": {"password": "", "last_login": null, "is_superuser": false, "username": "capt_obvious", "first_name": "", "last_name": "", "is_staff": false, "is_active": true, "date_joined": "2022-07-08T11:10:13.259Z", "bio": "", "role": "admin", "confirm_code": null, "email": "capt_obvious@yamdb.fake", "groups": [], "user_permissions": []}}, {"model": "reviews.user", "pk": 102, "fields": {"password": "", "last_login": null, "is_superuser": false, "username": "faust", "first_name": "", "last_name": "", "is_staff": false, "is_active": true, "date_joined": "2022-07-08T11:10:13.273Z", "bio": "", "role": "user", "confirm_code": null, "email": "faust@yamdb.fake", "groups": [], "user_permissions": []}}, {"model": "reviews.user", "pk": 103, "fields": {"password": "", "last_login": null, "is_superuser": false, "username": "reviewer", "first_name": "", "last_name": "", "is_staff": false, "is_active": true, "date_joined": "2022-07-08T11:10:13.284Z", "bio": "", "role": "user", "confirm_code": null, "email": "reviewer@yamdb.fake", "groups": [], "user_permissions": []}}, {"model": "reviews.user", "pk": 104, "fields": {"password": "", "last_login": null, "is_superuser": false, "username": "angry", "first_name": "", "last_name": "", "is_staff": false, "is_active": true, "date_joined": "2022-07-08T11:10:13.294Z", "bio": "", "role": "moderator", "confirm_code": null, "email": "angry@yamdb.fake", "groups": [], "user_permissions": []}}, {"model": "reviews.review", "pk": 1, "fields": {"title": 1, "text": "\u0421\u0442\u0430\u0432\u043b\u044e \u0434\u0435\u0441\u044f\u0442\u044c \u0437\u0432\u0451\u0437\u0434!\n...\u042d\u0442\u0438 \u0433\u043e\u043b\u043e\u0441\u0430 \u0431\u044b\u043b\u0438 \u0447\u0438\u0449\u0435 \u0438 \u0441\u0432\u0435\u0442\u043b\u0435\u0435 \u0442\u0435\u0445, \u043e \u043a\u043e\u0442\u043e\u0440\u044b\u0445 \u043c\u0435\u0447\u0442\u0430\u043b\u0438 \u0432 \u044d\u0442\u043e\u043c \u0441\u0435\u0440\u043e\u043c, \u0443\u0431\u043e\u0433\u043e\u043c \u043c\u0435\u0441\u0442\u0435. \u041a\u0430\u043a \u0431\u0443\u0434\u0442\u043e \u0434\u0432\u0435 \u043f\u0442\u0438\u0447\u043a\u0438 \u0432\u043b\u0435\u0442\u0435\u043b\u0438 \u0438 \u0441\u0432\u043e\u0438\u043c\u0438 \u0433\u043e\u043b\u043e\u0441\u0430\u043c\u0438 \u0440\u0430\u0437\u0432\u0435\u044f\u043b\u0438 \u0441\u0442\u0435\u043d\u044b \u043d\u0430\u0448\u0438\u0445 \u043a\u043b\u0435\u0442\u043e\u043a, \u0438 \u043d\u0430 \u043a\u043e\u0440\u043e\u0442\u043a\u0438\u0439 \u043c\u0438\u0433 \u043a\u0430\u0436\u0434\u044b\u0439 \u0447\u0435\u043b\u043e\u0432\u0435\u043a \u0432 \u0428\u043e\u0443\u0448\u0435\u043d\u043a\u0435 \u043f\u043e\u0447\u0443\u0432\u0441\u0442\u0432\u043e\u0432\u0430\u043b \u0441\u0435\u0431\u044f \u0441\u0432\u043e\u0431\u043e\u0434\u043d\u044b\u043c.", "author": 100, "score": 10, "pub_date": "2022-07-08T11:38:59.614Z"}}, {"model": "reviews.review", "pk": 2, "fields": {"title": 1, "text": "\u041d\u0435 \u043f\u0440\u0438\u0432\u044b\u043a\u0430\u0439\n\u00ab\u042d\u0442\u0438 \u0441\u0442\u0435\u043d\u044b \u0438\u043c\u0435\u044e\u0442 \u043e\u0434\u043d\u043e \u0441\u0432\u043e\u0439\u0441\u0442\u0432\u043e: \u0441\u043d\u0430\u0447\u0430\u043b\u0430 \u0442\u044b \u0438\u0445 \u043d\u0435\u043d\u0430\u0432\u0438\u0434\u0438\u0448\u044c, \u043f\u043e\u0442\u043e\u043c \u043f\u0440\u0438\u0432\u044b\u043a\u0430\u0435\u0448\u044c, \u0430 \u043f\u043e\u0442\u043e\u043c \u043d\u0435 \u043c\u043e\u0436\u0435\u0448\u044c \u0431\u0435\u0437 \u043d\u0438\u0445 \u0436\u0438\u0442\u044c\u00bb", "author": 101, "score": 10, "pub_date": "2022-07-08T11:38:59.620Z"}}, {"model": "reviews.review", "pk": 3, "fields": {"title": 2, "text": "\u0424\u0438\u043b\u044c\u043c, \u0440\u0430\u0437\u043e\u0431\u0440\u0430\u043d\u043d\u044b\u0439 \u043d\u0430 \u0446\u0438\u0442\u0430\u0442\u044b, \u0434\u043e\u0441\u0442\u043e\u0438\u043d \u0432\u044b\u0441\u0448\u0435\u0439 \u043e\u0446\u0435\u043d\u043a\u0438. \u0414\u0435\u0441\u044f\u0442\u044c \u0441 \u043f\u043b\u044e\u0441\u043e\u043c (\u0436\u0430\u043b\u044c, \u0442\u0443\u0442 \u043f\u043b\u044e\u0441\u0430 \u043d\u0435\u0442)\n\"\u0422\u044b \u043f\u0440\u0438\u0448\u0435\u043b \u0438 \u0433\u043e\u0432\u043e\u0440\u0438\u0448\u044c: \"\u0414\u043e\u043d \u041a\u043e\u0440\u043b\u0435\u043e\u043d\u0435, \u043c\u043d\u0435 \u043d\u0443\u0436\u043d\u0430 \u0441\u043f\u0440\u0430\u0432\u0435\u0434\u043b\u0438\u0432\u043e\u0441\u0442\u044c\". \u041d\u043e \u0442\u044b \u043f\u0440\u043e\u0441\u0438\u0448\u044c \u0431\u0435\u0437 \u0443\u0432\u0430\u0436\u0435\u043d\u0438\u044f, \u0442\u044b \u043d\u0435 \u043f\u0440\u0435\u0434\u043b\u0430\u0433\u0430\u0435\u0448\u044c \u0434\u0440\u0443\u0436\u0431\u0443, \u0442\u044b \u0434\u0430\u0436\u0435 \u043d\u0435 \u043d\u0430\u0437\u0432\u0430\u043b \u043c\u0435\u043d\u044f \u041a\u0440\u0435\u0441\u0442\u043d\u044b\u043c \u041e\u0442\u0446\u043e\u043c.\"", "author": 102, "score": 10, "pub_date": "2022-07-08T11:38:59.632Z"}}, {"model": "reviews.review", "pk": 4, "fields": {"title": 2, "text": "\u0416\u0435\u0441\u0442\u043e\u043a\u0438\u0439, \u0436\u0435\u0441\u0442\u043e\u043a\u0438\u0439, \u0436\u0435\u0441\u0442\u043e\u043a\u0438\u0439 \u043c\u0438\u0440, \u043d\u0435 \u043e \u0442\u0430\u043a\u043e\u043c \u043c\u0435\u0447\u0442\u0430\u043b\u0438 \u043c\u044b \u0432 \u0434\u0435\u0442\u0441\u0442\u0432\u0435!!111\n***\u041e\u0442\u0435\u0446 \u0441\u0434\u0435\u043b\u0430\u043b \u0435\u043c\u0443 \u043f\u0440\u0435\u0434\u043b\u043e\u0436\u0435\u043d\u0438\u0435, \u043e\u0442 \u043a\u043e\u0442\u043e\u0440\u043e\u0433\u043e \u043e\u043d \u043d\u0435 \u0441\u043c\u043e\u0433 \u043e\u0442\u043a\u0430\u0437\u0430\u0442\u044c\u0441\u044f. \u041b\u0443\u043a\u0430 \u0411\u0440\u0430\u0437\u0438 \u0434\u0435\u0440\u0436\u0430\u043b \u043f\u0438\u0441\u0442\u043e\u043b\u0435\u0442 \u0443 \u0435\u0433\u043e \u0432\u0438\u0441\u043a\u0430, \u0438 \u043e\u0442\u0435\u0446 \u043f\u0440\u0435\u0434\u043b\u043e\u0436\u0438\u043b \u0432\u044b\u0431\u043e\u0440: \u043b\u0438\u0431\u043e \u043d\u0430 \u043a\u043e\u043d\u0442\u0440\u0430\u043a\u0442\u0435 \u043c\u043e\u0437\u0433\u0438, \u043b\u0438\u0431\u043e \u043f\u043e\u0434\u043f\u0438\u0441\u044c.***", "author": 103, "score": 1, "pub_date": "2022-07-08T11:38:59.640Z"}}, {"model": "reviews.review", "pk": 5, "fields": {"title": 2, "text": "\u042d\u0442\u043e \u043c\u043e\u0438 \u0441\u043e\u0441\u0435\u0434\u0438! \u0421\u0442\u0430\u0432\u043b\u044e \u0442\u0440\u0438 \u0437\u0432\u0435\u0437\u0434\u044b \u0437\u0430 \u0442\u043e, \u0447\u0442\u043e \u043e\u043d\u0438 \u0434\u0432\u0430\u0436\u0434\u044b \u043e\u0442\u0434\u0430\u0432\u0438\u043b\u0438 \u043c\u043d\u0435 \u043e\u043a\u043d\u043e\u043c \u043f\u0430\u043b\u044c\u0446\u044b:\n----------------------\n\u2014 \u0412\u044b \u0436\u0438\u0432\u0451\u0442\u0435 \u0432 \u043f\u043b\u043e\u0445\u043e\u043c \u0440\u0430\u0439\u043e\u043d\u0435?\n\u2014 \u041d\u0435 \u0442\u043e \u0441\u043b\u043e\u0432\u043e. \u041e\u0434\u043d\u0430\u0436\u0434\u044b \u0441 \u043d\u0430\u0448\u0435\u0439 \u0443\u043b\u0438\u0446\u044b \u0443\u0433\u043d\u0430\u043b\u0438 \u043f\u043e\u043b\u0438\u0446\u0435\u0439\u0441\u043a\u0443\u044e \u043c\u0430\u0448\u0438\u043d\u0443 \u0441 \u0434\u0432\u0443\u043c\u044f \u043f\u043e\u043b\u0438\u0446\u0435\u0439\u0441\u043a\u0438\u043c\u0438. \u0412 \u0434\u043e\u043c \u0432\u0441\u0451 \u0432\u0440\u0435\u043c\u044f \u043b\u0435\u0437\u0443\u0442 \u0432\u043e\u0440\u044b. \u041a\u0430\u0436\u0434\u044b\u0439 \u0440\u0430\u0437, \u043a\u0430\u043a \u044f \u043f\u044b\u0442\u0430\u044e\u0441\u044c \u0437\u0430\u043a\u0440\u044b\u0442\u044c \u043e\u043a\u043d\u043e, \u043f\u0440\u0438\u0449\u0435\u043c\u043b\u044f\u044e \u043a\u043e\u043c\u0443-\u043d\u0438\u0431\u0443\u0434\u044c \u043f\u0430\u043b\u044c\u0446\u044b.", "author": 104, "score": 3, "pub_date": "2022-07-08T11:38:59.652Z"}}, {"model": "reviews.review", "pk": 6, "fields": {"title": 5, "text": "\u0412\u0441\u0451, \u043a\u0430\u043a \u0432 \u0440\u0430\u0437\u043d\u044b\u0445 \u044f\u0437\u044b\u043a\u0430\u0445 \u043f\u0440\u043e\u0433\u0440\u0430\u043c\u043c\u0438\u0440\u043e\u0432\u0430\u043d\u0438\u044f! \u0412 \u043e\u0441\u043d\u043e\u0432\u043d\u043e\u043c \u2014 \u043f\u043e\u0445\u043e\u0436\u0435, \u043d\u043e \u0432\u043e\u0442 \u044d\u0442\u0438 \u043c\u0430\u043b\u0435\u043d\u044c\u043a\u0438\u0435 \u0440\u0430\u0437\u043b\u0438\u0447\u0438\u044f \u0432\u044b\u0432\u043e\u0434\u044f\u0442 \u0438\u0437 \u0441\u0435\u0431\u044f. \n\u0412\u0435\u043b\u0438\u043a\u0438\u0439 \u0444\u0438\u043b\u044c\u043c \u043d\u0430 \u0432\u0441\u0435 \u0441\u043b\u0443\u0447\u0430\u0438 \u0436\u0438\u0437\u043d\u0438!\n=====================================================\n\u2014 \u0410 \u0437\u043d\u0430\u0435\u0448\u044c, \u043a\u0430\u043a \u0432 \u041f\u0430\u0440\u0438\u0436\u0435 \u043d\u0430\u0437\u044b\u0432\u0430\u044e\u0442 \u0447\u0435\u0442\u0432\u0435\u0440\u0442\u044c\u0444\u0443\u043d\u0442\u043e\u0432\u044b\u0439 \u0447\u0438\u0437\u0431\u0443\u0440\u0433\u0435\u0440?\n\u2014 \u0427\u0442\u043e, \u043e\u043d\u0438 \u043d\u0435 \u0437\u043e\u0432\u0443\u0442 \u0435\u0433\u043e \u0447\u0435\u0442\u0432\u0435\u0440\u0442\u044c\u0444\u0443\u043d\u0442\u043e\u0432\u044b\u0439 \u0447\u0438\u0437\u0431\u0443\u0440\u0433\u0435\u0440?\n\u2014 \u0423 \u043d\u0438\u0445 \u0442\u0430\u043c \u043c\u0435\u0442\u0440\u0438\u0447\u0435\u0441\u043a\u0430\u044f \u0441\u0438\u0441\u0442\u0435\u043c\u0430. \u041e\u043d\u0438 \u0432\u043e\u043e\u0431\u0449\u0435 \u0442\u0430\u043c \u043d\u0435 \u043f\u043e\u043d\u0438\u043c\u0430\u044e\u0442, \u0447\u0442\u043e \u0437\u0430 \u0445\u0440\u0435\u043d \u0447\u0435\u0442\u0432\u0435\u0440\u0442\u044c \u0444\u0443\u043d\u0442\u0430.\n\u2014 \u0418 \u043a\u0430\u043a \u043e\u043d\u0438 \u0435\u0433\u043e \u0437\u043e\u0432\u0443\u0442?\n\u2014 \u041e\u043d\u0438 \u0437\u043e\u0432\u0443\u0442 \u0435\u0433\u043e \u00ab\u0420\u043e\u044f\u043b \u0447\u0438\u0437\u0431\u0443\u0440\u0433\u0435\u0440\u00bb.\n\u2014 \u00ab\u0420\u043e\u044f\u043b \u0447\u0438\u0437\u0431\u0443\u0440\u0433\u0435\u0440\u00bb? \u0410 \u043a\u0430\u043a \u0436\u0435 \u0442\u043e\u0433\u0434\u0430 \u043e\u043d\u0438 \u0437\u043e\u0432\u0443\u0442 \u00ab\u0411\u0438\u0433 \u041c\u0430\u043a\u00bb?\n\u2014 \u00ab\u0411\u0438\u0433 \u041c\u0430\u043a\u00bb \u044d\u0442\u043e \u00ab\u0411\u0438\u0433 \u041c\u0430\u043a\u00bb, \u0442\u043e\u043b\u044c\u043a\u043e \u043e\u043d\u0438 \u043d\u0430\u0437\u044b\u0432\u0430\u044e\u0442 \u0435\u0433\u043e \u00ab\u041b\u0451 \u0411\u0438\u0433 \u041c\u0430\u043a\u00bb.", "author": 100, "score": 8, "pub_date": "2022-07-08T11:38:59.695Z"}}, {"model": "reviews.review", "pk": 7, "fields": {"title": 5, "text": "\u041d\u0438\u0447\u0435\u0433\u043e \u043d\u0435 \u043f\u043e\u043d\u044f\u0442\u043d\u043e. \u041e\u043d\u0438 \u0442\u0430\u043c \u0447\u0442\u043e, \u0441\u0442\u0440\u0430\u043d\u0438\u0446\u044b \u0441\u0446\u0435\u043d\u0430\u0440\u0438\u044f \u043f\u0435\u0440\u0435\u043f\u0443\u0442\u0430\u043b\u0438? \u0415\u0433\u043e \u0441\u043f\u0435\u0440\u0432\u0430 \u0443\u0431\u0438\u043b\u0438, \u0430 \u043f\u043e\u0442\u043e\u043c \u043e\u043d \u043e\u043f\u044f\u0442\u044c \u0436\u0438\u0432, \u0430 \u043e\u043d\u0438 \u0441\u043f\u0435\u0440\u0432\u0430 \u0432 \u0444\u0443\u0442\u0431\u043e\u043b\u043a\u0430\u0445, \u043f\u043e\u0442\u043e\u043c \u0432 \u043a\u043e\u0441\u0442\u044e\u043c\u0430\u0445, \u0430 \u043f\u043e\u0442\u043e\u043c \u043e\u043f\u044f\u0442\u044c \u0432 \u0444\u0443\u0442\u0431\u043e\u043b\u043a\u0430\u0445. \u0415\u0440\u0443\u043d\u0434\u0430 \u043f\u043e\u043b\u043d\u0430\u044f", "author": 101, "score": 1, "pub_date": "2022-07-08T11:38:59.701Z"}}, {"model": "reviews.review", "pk": 8, "fields": {"title": 5, "text": "\u041e\u0447\u0435\u043d\u044c \u043f\u043e\u0443\u0447\u0438\u0442\u0435\u043b\u044c\u043d\u044b\u0439 \u0444\u0438\u043b\u044c\u043c \u043e \u0442\u043e\u043c, \u0447\u0442\u043e \u0442\u0430\u043a\u043e\u0435 \u0445\u043e\u0440\u043e\u0448\u043e, \u0447\u0442\u043e \u0442\u0430\u043a\u043e\u0435 \u043f\u043b\u043e\u0445\u043e \u0438 \u043f\u043e\u0447\u0435\u043c\u0443 \u043d\u0435 \u043d\u0430\u0434\u043e \u0447\u0438\u0442\u0430\u0442\u044c \u0432 \u0442\u0443\u0430\u043b\u0435\u0442\u0435.\n\u0422\u0432\u0435\u0440\u0434\u0430\u044f \u0432\u043e\u0441\u044c\u043c\u0451\u0440\u043a\u0430", "author": 102, "score": 8, "pub_date": "2022-07-08T11:38:59.709Z"}}, {"model": "reviews.review", "pk": 9, "fields": {"title": 6, "text": "\u041f\u043e\u0441\u043c\u043e\u0442\u0440\u0435\u043b \u0444\u0438\u043b\u044c\u043c. \n\u2014 \u041d\u0430 \u0441\u0432\u0435\u0442\u0435 \u0435\u0441\u0442\u044c \u0434\u0432\u0430 \u0442\u0438\u043f\u0430 \u043b\u044e\u0434\u0435\u0439: \u0442\u0435, \u043a\u0442\u043e \u043a\u043e\u043f\u0430\u0435\u0442 \u0438 \u0442\u0435, \u0443 \u043a\u043e\u0433\u043e \u0437\u0430\u0440\u044f\u0436\u0435\u043d \u0440\u0435\u0432\u043e\u043b\u044c\u0432\u0435\u0440.\n\u041f\u043e\u0439\u0434\u0443 \u043a\u043e\u043f\u0430\u0442\u044c, \u043a\u0430\u043a \u0432\u0435\u043b\u0435\u043b \u041a\u043b\u0438\u043d\u0442. \n\u0414\u0435\u0432\u044f\u0442\u044c \u0431\u0430\u043b\u043b\u043e\u0432.", "author": 103, "score": 9, "pub_date": "2022-07-08T11:38:59.715Z"}}, {"model": "reviews.review", "pk": 10, "fields": {"title": 6, "text": "\u0412\u0435\u0447\u043d\u0430\u044f \u043f\u0440\u043e\u0431\u043b\u0435\u043c\u0430 \u0432\u0441\u0435\u0445 \u0437\u043b\u043e\u0434\u0435\u0435\u0432, \u0431\u043e\u043b\u0442\u0430\u044e\u0449\u0438\u0445-\u0431\u043e\u043b\u0442\u0430\u044e\u0449\u0438\u0445-\u0431\u043e\u043b\u0442\u0430\u044e\u0449\u0438\u0445 \u0432\u043c\u0435\u0441\u0442\u043e \u0442\u043e\u0433\u043e, \u0447\u0442\u043e\u0431\u044b \u043f\u0440\u043e\u0441\u0442\u043e \u0437\u0430\u0441\u0442\u0440\u0435\u043b\u0438\u0442\u044c \u043f\u0440\u043e\u0442\u0438\u0432\u043d\u0438\u043a\u0430, \u043e\u0434\u043d\u0438\u043c \u043c\u0430\u0445\u043e\u043c \u0440\u0435\u0448\u0435\u043d\u0430 \u0432 \u044d\u0442\u043e\u0439 \u0441\u0446\u0435\u043d\u0435.\n\u0417\u0430 \u043e\u0434\u043d\u043e \u044d\u0442\u043e \u0444\u0438\u043b\u044c\u043c \u0437\u0430\u0441\u043b\u0443\u0436\u0438\u0432\u0430\u0435\u0442 \u0432\u044b\u0441\u0448\u0435\u0433\u043e \u0431\u0430\u043b\u043b\u0430\n\"\u041f\u0440\u0438\u0448\u0435\u043b \u0441\u0442\u0440\u0435\u043b\u044f\u0442\u044c - \u0441\u0442\u0440\u0435\u043b\u044f\u0439, \u0430 \u043d\u0435 \u0431\u043e\u043b\u0442\u0430\u0439!\"", "author": 104, "score": 10, "pub_date": "2022-07-08T11:38:59.722Z"}}, {"model": "reviews.review", "pk": 12, "fields": {"title": 14, "text": "\u041d\u0435\u0434\u0430\u0432\u043d\u043e \u0438\u043c\u0435\u043d\u043d\u043e \u0442\u0430\u043a \u044f \u0438\u0437\u043e\u0431\u0440\u0451\u043b \u0432\u0435\u0447\u043d\u044b\u0439 \u0434\u0432\u0438\u0433\u0430\u0442\u0435\u043b\u044c! \u0427\u0438\u0441\u0442\u0430\u044f \u043f\u0440\u0430\u0432\u0434\u0430 \u0432 \u0444\u0438\u043b\u044c\u043c\u0435, \u043f\u043e\u0447\u0435\u043c\u0443 \u043e\u043d \u043d\u0430\u0437\u0432\u0430\u043d \"\u0444\u0430\u043d\u0442\u0430\u0441\u0442\u0438\u043a\u043e\u0439\", \u044d\u0442\u043e \u0436\u0435 \u043f\u043e\u043b\u043d\u0435\u0439\u0448\u0438\u0439 \u0440\u0435\u0430\u043b\u0438\u0437\u043c!\n\u0412\u043e\u0442 \u0446\u0438\u0442\u0430\u0442\u0430. \u041d\u043e \u0437\u0430\u0447\u0435\u043c \u0435\u043c\u0443 \u0447\u0430\u0441\u044b \u0432 \u0443\u0431\u043e\u0440\u043d\u043e\u0439?!\n\u2014 \u0412 \u0442\u043e\u0442 \u0434\u0435\u043d\u044c \u044f \u0438\u0437\u043e\u0431\u0440\u0451\u043b \u043f\u0443\u0442\u0435\u0448\u0435\u0441\u0442\u0432\u0438\u0435 \u0432\u043e \u0432\u0440\u0435\u043c\u0435\u043d\u0438! \u041a\u0430\u043a \u0441\u0435\u0439\u0447\u0430\u0441 \u043f\u043e\u043c\u043d\u044e\u2026 \u042f \u0441\u0442\u043e\u044f\u043b \u043d\u0430 \u0443\u043d\u0438\u0442\u0430\u0437\u0435 \u0438 \u0432\u0435\u0448\u0430\u043b \u0447\u0430\u0441\u044b. \u0412\u0434\u0440\u0443\u0433 \u043f\u043e\u0434\u0441\u043a\u043e\u043b\u044c\u0437\u043d\u0443\u043b\u0441\u044f, \u0443\u0434\u0430\u0440\u0438\u043b\u0441\u044f \u0433\u043e\u043b\u043e\u0432\u043e\u0439 \u043e \u0440\u0430\u043a\u043e\u0432\u0438\u043d\u0443", "author": 101, "score": 8, "pub_date": "2022-07-08T11:38:59.845Z"}}, {"model": "reviews.review", "pk": 13, "fields": {"title": 14, "text": "\u0412\u0435\u043b\u0438\u043a\u0438\u0439 \u0444\u0438\u043b\u044c\u043c, \u0436\u0430\u043b\u044c \u0442\u043e\u043b\u044c\u043a\u043e, \u0447\u0442\u043e \u0431\u0443\u0434\u0443\u0449\u0435\u0435, \u043a\u043e\u0442\u043e\u0440\u043e\u0435 \u0432 \u043d\u0451\u043c \u043f\u043e\u043a\u0430\u0437\u0430\u043d\u043e, \u0443\u0436\u0435 \u0432 \u043f\u0440\u043e\u0448\u043b\u043e\u043c. \u041d\u043e \u043f\u0440\u043e\u0431\u043b\u0435\u043c\u044b \u0432\u0441\u0451 \u0442\u0435\u0436\u0435, \u0432\u043e\u0442 \u043a\u0430\u043a \u044d\u0442\u0430, \u043d\u0430\u043f\u0440\u0438\u043c\u0435\u0440: \u00ab\u0414\u043e\u043a, \u043f\u043e\u0441\u043b\u0443\u0448\u0430\u0439, \u0432\u0441\u0451, \u0447\u0442\u043e \u043d\u0430\u043c \u043d\u0443\u0436\u043d\u043e \u2014 \u044d\u0442\u043e \u043d\u0435\u043c\u043d\u043e\u0433\u043e \u043f\u043b\u0443\u0442\u043e\u043d\u0438\u044f!\u00bb\n\u0412\u0441\u0435\u0433\u0434\u0430 \u043d\u0435 \u0445\u0432\u0430\u0442\u0430\u0435\u0442 \u043a\u0430\u043a\u043e\u0439-\u043d\u0438\u0431\u0443\u0434\u044c \u043c\u0435\u043b\u043e\u0447\u0438. \u0421\u0435\u043c\u0451\u0440\u043a\u0430 \u0437\u0430 \u0442\u043e, \u0447\u0442\u043e \u0431\u0443\u0434\u0443\u0449\u0435\u0435 \u043e\u043a\u0430\u0437\u0430\u043b\u043e\u0441\u044c \u043d\u0435 \u0442\u0430\u043a\u0438\u043c, \u043a\u0430\u043a \u043e\u0431\u0435\u0449\u0430\u043b\u0438.", "author": 102, "score": 7, "pub_date": "2022-07-08T11:38:59.851Z"}}, {"model": "reviews.review", "pk": 14, "fields": {"title": 14, "text": "\u0411\u0443\u0434\u0443\u0449\u0435\u0435 \u0432\u044b\u0433\u043b\u044f\u0434\u0438\u0442 \u0441\u0442\u0440\u0430\u043d\u043d\u043e \u0438 \u043d\u0435\u043e\u0436\u0438\u0434\u0430\u043d\u043d\u043e, \u0442\u043e\u0436\u0435 \u043c\u043d\u0435, \u0431\u0438\u043d\u043e\u043c \u041d\u044c\u044e\u0442\u043e\u043d\u0430. \u041d\u043e \u0434\u0438\u0430\u043b\u043e\u0433 \u043f\u0440\u0435\u043a\u0440\u0430\u0441\u0435\u043d, \u0438 \u0437\u0430 \u044d\u0442\u043e \u043d\u0435 \u0441\u0442\u0430\u043d\u0443 \u0441\u0438\u043b\u044c\u043d\u043e \u043c\u0438\u043d\u0443\u0441\u043e\u0432\u0430\u0442\u044c.\n-- Then tell me, future boy, who's President of the United States in 1985?\n-- Ronald Reagan.\n-- Ronald Reagan? The actor? Then who's vice president? Jerry Lewis?", "author": 103, "score": 4, "pub_date": "2022-07-08T11:38:59.856Z"}}, {"model": "reviews.review", "pk": 15, "fields": {"title": 17, "text": "\u041d\u0435\u0443\u0436\u0435\u043b\u0438 \u0438\u0437 \u0442\u044e\u0440\u044c\u043c\u044b \u0442\u0430\u043a \u043b\u0435\u0433\u043a\u043e \u0431\u044b\u043b\u043e \u0441\u0431\u0435\u0436\u0430\u0442\u044c? \u0420\u0430\u0437 - \u0438 \u0442\u044b \u043d\u0430 \u0441\u0432\u043e\u0431\u043e\u0434\u0435. \u0414\u0430, \u043f\u043e\u0431\u0435\u0433 \u0438\u0437 \u0428\u043e\u0443\u0448\u0435\u043d\u043a\u0430 \u043f\u0440\u0438\u0448\u043b\u043e\u0441\u044c \u0433\u043e\u0442\u043e\u0432\u0438\u0442\u044c \u043d\u0435\u043c\u043d\u043e\u0433\u043e \u0434\u043e\u043b\u044c\u0448\u0435. \u041f\u044f\u0442\u044c \u0437\u0430 \u0441\u043e\u0446\u0440\u0435\u0430\u043b\u0438\u0437\u043c", "author": 104, "score": 5, "pub_date": "2022-07-08T11:38:59.908Z"}}, {"model": "reviews.review", "pk": 16, "fields": {"title": 3, "text": "\u0421\u0445\u043e\u0434\u0438\u043b\u0430 \u0432 \u043a\u0438\u043d\u043e, \u0440\u0435\u0448\u0438\u043b\u0430 \u043d\u0430\u043f\u0438\u0441\u0430\u0442\u044c: \u0434\u0440\u0430\u0439\u0432 \u0438 \u043e\u0433\u043e\u043d\u044c, \u043d\u043e \u0438\u043d\u043e\u0433\u0434\u0430 \u043a\u0430\u043a\u043e\u0439-\u0442\u043e \u0431\u0440\u0435\u0434 \u043d\u0430 \u044d\u043a\u0440\u0430\u043d\u0435. \u0412 \u0441\u0435\u0440\u0435\u0434\u0438\u043d\u0435 \u0444\u0438\u043b\u044c\u043c\u0430 \u043f\u0440\u043e\u0441\u0442\u043e \u043e\u0442\u043b\u0438\u0447\u043d\u044b\u0435 \u0434\u0438\u0430\u043b\u043e\u0433\u0438! \u041f\u0443\u0441\u0442\u044c \u0431\u0443\u0434\u0435\u0442 7", "author": 100, "score": 7, "pub_date": "2022-07-08T11:38:59.663Z"}}, {"model": "reviews.review", "pk": 17, "fields": {"title": 3, "text": "\u0421\u043c\u043e\u0442\u0440\u0435\u043b, \u043d\u0435 \u043e\u0442\u0440\u044b\u0432\u0430\u044f\u0441\u044c, \u0445\u043e\u0447\u0443 \u043e\u043f\u0438\u0441\u0430\u0442\u044c \u0441\u0432\u043e\u0438 \u0432\u043f\u0435\u0447\u0430\u0442\u043b\u0435\u043d\u0438\u044f. \u041f\u043e \u043c\u043e\u0435\u043c\u0443 \u043c\u043d\u0435\u043d\u0438\u044e, \u0441\u0446\u0435\u043d\u0430\u0440\u0438\u0439 \u043f\u043e\u0434\u043a\u0430\u0447\u0430\u043b, \u0437\u0430\u0442\u043e \u043f\u043e\u0434\u0431\u043e\u0440 \u0430\u043a\u0442\u0451\u0440\u043e\u0432 - \u0441\u0443\u043f\u0435\u0440. \u041d\u0430\u0447\u0430\u043b\u043e \u043d\u0435\u043c\u043d\u043e\u0433\u043e \u0437\u0430\u0442\u044f\u043d\u0443\u0442\u043e. \u041e\u043f\u0435\u0440\u0430\u0442\u043e\u0440\u0443 - \u041e\u0441\u043a\u0430\u0440\u0430! \u0412\u0441\u0451 \u043e\u0441\u0442\u0430\u043b\u044c\u043d\u043e\u0435 - \u043d\u0435 \u043e\u0447\u0435\u043d\u044c. \u0424\u0438\u043b\u044c\u043c \u0442\u044f\u043d\u0435\u0442 \u043d\u0430 8 \u0438\u0437 10", "author": 101, "score": 8, "pub_date": "2022-07-08T11:38:59.671Z"}}, {"model": "reviews.review", "pk": 18, "fields": {"title": 4, "text": "\u0421\u043a\u0430\u0447\u0430\u043b, \u043f\u043e\u0441\u043c\u043e\u0442\u0440\u0435\u043b, \u0434\u0443\u043c\u0430\u044e, \u0447\u0442\u043e \u0430\u043a\u0442\u0451\u0440\u044b \u0442\u0430\u043a \u0441\u0435\u0431\u0435, \u0441\u0446\u0435\u043d\u0430\u0440\u0438\u0439 \u0445\u043e\u0440\u043e\u0448\u0438\u0439. \u0414\u0438\u0430\u043b\u043e\u0433\u0438 \u043f\u0440\u0435\u043a\u0440\u0430\u0441\u043d\u044b\u0435, \u0442\u0430\u043a \u0447\u0442\u043e \u043f\u0443\u0441\u0442\u044c \u0431\u0443\u0434\u0435\u0442 \u0432\u043e\u0441\u0435\u043c\u044c \u0437\u0432\u0435\u0437\u0434", "author": 102, "score": 8, "pub_date": "2022-07-08T11:38:59.680Z"}}, {"model": "reviews.review", "pk": 19, "fields": {"title": 4, "text": "\u041f\u043e\u0441\u043c\u043e\u0442\u0440\u0435\u043b. \u041f\u043e \u043c\u043e\u0435\u043c\u0443 \u043c\u043d\u0435\u043d\u0438\u044e, \u0430\u043a\u0442\u0451\u0440\u044b \u0442\u0430\u043a \u0441\u0435\u0431\u0435, \u043d\u043e \u0441\u0446\u0435\u043d\u0430\u0440\u0438\u0439 \u0445\u043e\u0440\u043e\u0448\u0438\u0439. \u041f\u0435\u0440\u0432\u0443\u044e \u043f\u043e\u043b\u043e\u0432\u0438\u043d\u0443 \u0444\u0438\u043b\u044c\u043c\u0430 \u043c\u043e\u0436\u043d\u043e \u0441\u043f\u0430\u0442\u044c, \u043d\u0435 \u043e\u043f\u0430\u0441\u0430\u044f\u0441\u044c, \u0447\u0442\u043e \u0447\u0442\u043e-\u0442\u043e \u043f\u0440\u043e\u043f\u0443\u0441\u0442\u0438\u0448\u044c. \u041d\u0435 \u0440\u0430\u0437\u0434\u0443\u043c\u044b\u0432\u0430\u044f, \u0441\u0442\u0430\u0432\u043b\u044e \u0443\u0432\u0435\u0440\u0435\u043d\u043d\u0443\u044e \u0434\u0435\u0441\u044f\u0442\u043a\u0443", "author": 103, "score": 10, "pub_date": "2022-07-08T11:38:59.687Z"}}, {"model": "reviews.review", "pk": 20, "fields": {"title": 7, "text": "\u0421\u043a\u0430\u0436\u0443 \u0442\u0435\u043c, \u043a\u0442\u043e \u0435\u0449\u0451 \u043d\u0435 \u0441\u043c\u043e\u0442\u0440\u0435\u043b: \u0435\u0441\u043b\u0438 \u0431\u044b \u044f \u0431\u044b\u043b \u0440\u0435\u0436\u0438\u0441\u0441\u0451\u0440\u043e\u043c \u044d\u0442\u043e\u0433\u043e \u0444\u0438\u043b\u044c\u043c\u0430 - \u044f \u0431\u044b \u043d\u0435 \u0433\u043e\u0440\u0434\u0438\u043b\u0441\u044f. \u041e\u043f\u0435\u0440\u0430\u0442\u043e\u0440\u0430 \u0443\u0432\u043e\u043b\u0438\u0442\u044c, \u0444\u0438\u043b\u044c\u043c \u043f\u043e\u043b\u0443\u0447\u0438\u043b\u0441\u044f \u0442\u0430\u043a \u0441\u0435\u0431\u0435, \u043d\u043e \u043e\u0434\u0438\u043d \u0440\u0430\u0437 \u043f\u043e\u0441\u043c\u043e\u0442\u0440\u0435\u0442\u044c - \u0441\u043e\u0439\u0434\u0451\u0442. \u0410\u0432\u0442\u043e\u0440\u044b \u0447\u0435\u0441\u0442\u043d\u043e \u0437\u0430\u0441\u043b\u0443\u0436\u0438\u043b\u0438 5 \u0438\u0437 10", "author": 104, "score": 5, "pub_date": "2022-07-08T11:38:59.735Z"}}, {"model": "reviews.review", "pk": 21, "fields": {"title": 7, "text": "\u0421\u043a\u0430\u0447\u0430\u043b, \u043f\u043e\u0441\u043c\u043e\u0442\u0440\u0435\u043b, \u0434\u0443\u043c\u0430\u044e, \u0447\u0442\u043e \u0441\u0446\u0435\u043d\u0430\u0440\u0438\u0439 \u043f\u043e\u0434\u043a\u0430\u0447\u0430\u043b, \u0437\u0430\u0442\u043e \u043f\u043e\u0434\u0431\u043e\u0440 \u0430\u043a\u0442\u0451\u0440\u043e\u0432 - \u0441\u0443\u043f\u0435\u0440. \u041d\u0430\u0447\u0430\u043b\u043e \u043d\u0435\u043c\u043d\u043e\u0433\u043e \u0437\u0430\u0442\u044f\u043d\u0443\u0442\u043e, \u0434\u0430 \u0438 \u0432\u043e\u043e\u0431\u0449\u0435 \u043d\u0435 \u043e\u0447\u0435\u043d\u044c. \u0424\u0438\u043b\u044c\u043c \u0435\u0434\u0432\u0430 \u0442\u044f\u043d\u0435\u0442 \u043d\u0430 4", "author": 100, "score": 4, "pub_date": "2022-07-08T11:38:59.729Z"}}, {"model": "reviews.review", "pk": 22, "fields": {"title": 8, "text": "\u041c\u043d\u0435 \u043a\u0430\u0436\u0435\u0442\u0441\u044f, \u0447\u0442\u043e \u044f \u0432\u043f\u0443\u0441\u0442\u0443\u044e \u043f\u043e\u0442\u0435\u0440\u044f\u043b \u0432\u0440\u0435\u043c\u044f. \u0421\u0442\u0430\u0432\u043b\u044e 2", "author": 101, "score": 2, "pub_date": "2022-07-08T11:38:59.742Z"}}, {"model": "reviews.review", "pk": 23, "fields": {"title": 8, "text": "\u041f\u043e\u0441\u043c\u043e\u0442\u0440\u0435\u043b\u0430. \u0410\u043a\u0442\u0451\u0440\u044b \u0442\u0430\u043a \u0441\u0435\u0431\u0435, \u0441\u0446\u0435\u043d\u0430\u0440\u0438\u0439 \u0445\u043e\u0440\u043e\u0448\u0438\u0439. \u0423\u0441\u043d\u0443\u043b\u0430 \u043a \u0441\u0435\u0440\u0435\u0434\u0438\u043d\u0435. \u041d\u0435 \u0440\u0430\u0437\u0434\u0443\u043c\u044b\u0432\u0430\u044f, \u0441\u0442\u0430\u0432\u043b\u044e \u0434\u0432\u043e\u0439\u043a\u0443 ", "author": 102, "score": 2, "pub_date": "2022-07-08T11:38:59.748Z"}}, {"model": "reviews.review", "pk": 24, "fields": {"title": 9, "text": "\u0412\u0441\u0435 \u043e\u0447\u0435\u043d\u044c \u0434\u043e\u043b\u0433\u043e \u0436\u0434\u0430\u043b\u0438 \u043f\u0440\u0435\u043c\u044c\u0435\u0440\u0443 \u0444\u0438\u043b\u044c\u043c\u0430,\u0438 \u043d\u0430\u043a\u043e\u043d\u0435\u0446 \u0434\u043e\u0436\u0434\u0430\u043b\u0438\u0441\u044c.\u0424\u0438\u043b\u044c\u043c \u043e\u0442\u043b\u0438\u0447\u043d\u044b\u0439,\u0434\u043e\u0431\u0440\u044b\u0439,\u0441\u043c\u043e\u0442\u0440\u0438\u0442\u0441\u044f \u043f\u043e\u0447\u0442\u0438 \u043d\u0430 \u043e\u0434\u043d\u043e\u043c \u0434\u044b\u0445\u0430\u043d\u0438\u0438,\u0441 \u0437\u0430\u0432\u044f\u0437\u0430\u043d\u043d\u044b\u043c \u0441\u044e\u0436\u0435\u0442\u043e\u043c \u0438 \u043d\u0435 \u043c\u0435\u043d\u0435\u0435 \u043a\u0440\u0443\u0442\u043e\u0439 \u043c\u0443\u0437\u044b\u043a\u043e\u0439.\u041a\u0438\u043d\u043e \u043e\u0447\u0435\u043d\u044c \u043f\u043e\u043d\u0440\u0430\u0432\u0438\u043b\u043e\u0441\u044c!!!\u0412\u0441\u0435\u043c \u0441\u043e\u0432\u0435\u0442\u0443\u044e.", "author": 103, "score": 10, "pub_date": "2022-07-08T11:38:59.761Z"}}, {"model": "reviews.review", "pk": 25, "fields": {"title": 9, "text": "\u041e\u0442\u0441\u0442\u043e\u0439-\u0444\u0438\u043b\u044c\u043c. \u041d\u0435 \u0445\u043e\u0434\u0438\u0442\u0435", "author": 104, "score": 1, "pub_date": "2022-07-08T11:38:59.767Z"}}, {"model": "reviews.review", "pk": 26, "fields": {"title": 9, "text": "\u0414\u043b\u044f \u043b\u044e\u0434\u0435\u0439, \u043a\u043e\u0442\u043e\u0440\u044b\u0435 \u0445\u043e\u0442\u044f\u0442 \u043f\u043e\u0441\u043c\u0435\u044f\u0442\u044c\u0441\u044f \u0438 \u043f\u043e\u043b\u0443\u0447\u0438\u0442\u044c \u043c\u043e\u0440\u0435 \u044d\u043c\u043e\u0446\u0438\u0439, \u0442\u043e\u0442 \u0441\u0430\u043c\u044b\u0439 \u0444\u0438\u043b\u044c\u043c. \u041c\u043d\u0435 \u043e\u0447\u0435\u043d\u044c \u043f\u043e\u043d\u0440\u0430\u0432\u0438\u043b\u0441\u044f.", "author": 100, "score": 10, "pub_date": "2022-07-08T11:38:59.754Z"}}, {"model": "reviews.review", "pk": 27, "fields": {"title": 10, "text": "\u041f\u0435\u0440\u0432\u044b\u0439 \u0440\u0430\u0437 \u0432 \u0436\u0438\u0437\u043d\u0438 \u0440\u0435\u0448\u0438\u043b\u0430 \u043d\u0430\u043f\u0438\u0441\u0430\u0442\u044c \u043e\u0442\u0437\u044b\u0432,\u0447\u0442\u043e\u0431\u044b \u043f\u0440\u0435\u0434\u043e\u0441\u0442\u0435\u0440\u0435\u0447\u044c \u043e\u0442 \u043f\u043e\u0442\u0435\u0440\u0438 \u0434\u0435\u043d\u0435\u0433 \u043d\u0430 \u0431\u0438\u043b\u0435\u0442 \u0438 \u0442\u0440\u0430\u0442\u044b \u0432\u0440\u0435\u043c\u0435\u043d\u0438 \u043d\u0430 \u043f\u0440\u043e\u0441\u043c\u043e\u0442\u0440. \u041a \u0438\u0433\u0440\u0435 \u0430\u043a\u0442\u0435\u0440\u043e\u0432 \u043f\u0440\u0435\u0442\u0435\u043d\u0437\u0438\u0439 \u043d\u0435\u0442", "author": 101, "score": 2, "pub_date": "2022-07-08T11:38:59.773Z"}}, {"model": "reviews.review", "pk": 28, "fields": {"title": 10, "text": "2 \u0447\u0430\u0441\u0430 \u0441\u043c\u043e\u0442\u0440\u044f\u0442\u0441\u044f \u043d\u0430 \u043e\u0434\u043d\u043e\u043c \u0434\u044b\u0445\u0430\u043d\u0438\u0438. \u0421\u043f\u0435\u0446\u044d\u0444\u0444\u0435\u043a\u0442\u044b \u043d\u0430 \u0443\u0440\u043e\u0432\u043d\u0435 \u0444\u0438\u043b\u044c\u043c\u043e\u0432 \u041c\u0430\u0440\u0432\u0435\u043b\u0430. \u0421\u043c\u043e\u0442\u0440\u0435\u043b\u0438 \u0432\u0441\u0435\u0439 \u0441\u0435\u043c\u044c\u0435\u0439. \u041f\u043e\u0441\u043c\u043e\u0442\u0440\u0435\u043b \u043d\u0435\u0441\u043a\u043e\u043b\u044c\u043a\u043e \u043e\u0442\u0437\u044b\u0432\u043e\u0432, \u043f\u043e\u043d\u044f\u043b , \u0447\u0442\u043e \u0444\u0438\u043b\u044c\u043c \u0441\u0442\u043e\u0438\u0442 \u043f\u043e\u0441\u043c\u043e\u0442\u0440\u0435\u0442\u044c", "author": 102, "score": 10, "pub_date": "2022-07-08T11:38:59.780Z"}}, {"model": "reviews.review", "pk": 29, "fields": {"title": 11, "text": "\u0414\u0435\u0439\u0441\u0442\u0432\u0438\u044f \u043f\u0435\u0440\u0441\u043e\u043d\u0430\u0436\u0435\u0439 \u0432\u044b\u0437\u044b\u0432\u0430\u044e\u0442 \u043f\u043e\u0441\u0442\u043e\u044f\u043d\u043d\u044b\u0439 \u0432\u043e\u043f\u0440\u043e\u0441\u044b - \u0447\u0442\u043e \u0438 \u0437\u0430\u0447\u0435\u043c \u043e\u043d\u0438 \u044d\u0442\u043e \u0434\u0435\u043b\u0430\u044e\u0442. \u041b\u043e\u0433\u0438\u043a\u0438 \u043f\u0440\u043e\u0441\u0442\u043e \u043d\u0435\u0442. \u041f\u043e\u0441\u043b\u0435 \u043f\u043e\u043b\u043e\u0432\u0438\u043d\u044b \u0444\u0438\u043b\u044c\u043c\u0430 \u0443\u0436\u0435 \u0445\u043e\u0447\u0435\u0442\u0441\u044f \u0443\u0439\u0442\u0438", "author": 103, "score": 1, "pub_date": "2022-07-08T11:38:59.793Z"}}, {"model": "reviews.review", "pk": 30, "fields": {"title": 11, "text": "\u041b\u0443\u0447\u0448\u0438\u0439 \u0444\u0438\u043b\u044c\u043c, \u043e\u0434\u043d\u043e\u0437\u043d\u0430\u0447\u043d\u043e. \u0428\u0435\u0434\u0435\u0432\u0440. \u041d\u043e \u0441\u043b\u0435\u0434\u0443\u0435\u0442 \u043f\u043e\u043d\u0438\u043c\u0430\u0442\u044c, \u0447\u0442\u043e \u044d\u0442\u043e \u043d\u0435 \u043a\u0438\u043d\u043e \u043f\u043e\u0434 \u043f\u0438\u0432\u043e \u0434\u043b\u044f \u043c\u043e\u043b\u043e\u0434\u0435\u0436\u0438. \u0421\u0442\u0438\u043b\u044c\u043d\u043e \u0441\u043d\u044f\u0442\u043e, \u043d\u0430 \u043e\u0434\u043d\u043e\u043c \u0434\u044b\u0445\u0430\u043d\u0438\u0438\n\u0441\u043c\u043e\u0442\u0440\u0438\u0442\u0441\u044f, \u043f\u0435\u0440\u0441\u043e\u043d\u0430\u0436\u0438 \u0432\u0435\u043b\u0438\u043a\u043e\u043b\u0435\u043f\u043d\u044b", "author": 104, "score": 10, "pub_date": "2022-07-08T11:38:59.799Z"}}, {"model": "reviews.review", "pk": 31, "fields": {"title": 11, "text": "\u0422\u0443\u043f\u0435\u0435 \u043d\u0435 \u0432\u0438\u0434\u0435\u043b, \u0441\u043c\u043e\u0442\u0440\u0435\u0442\u044c \u043d\u0435 \u0438\u043d\u0442\u0435\u0440\u0435\u0441\u043d\u043e \u0441\u043a\u0443\u0447\u043d\u044f\u043a", "author": 100, "score": 1, "pub_date": "2022-07-08T11:38:59.786Z"}}, {"model": "reviews.review", "pk": 32, "fields": {"title": 12, "text": "\u0424\u0438\u043b\u044c\u043c \u0438\u043d\u0442\u0435\u0440\u0435\u0441\u043d\u044b\u0439,\u043d\u043e \u043d\u0435 \u0434\u043e\u0440\u0430\u0431\u043e\u0442\u0430\u043d\u043d\u044b\u0439.\u041e\u0441\u0442\u0440\u043e\u0442\u044b \u0441\u044e\u0436\u0435\u0442\u0430 \u043d\u0435 \u0445\u0432\u0430\u0442\u0430\u0435\u0442", "author": 101, "score": 8, "pub_date": "2022-07-08T11:38:59.806Z"}}, {"model": "reviews.review", "pk": 33, "fields": {"title": 12, "text": "\u0421\u0430\u043c\u0430\u044f \u0441\u0438\u043b\u044c\u043d\u0430\u044f \u043a\u0430\u0440\u0442\u0438\u043d\u0430 \u0437\u0430 \u043f\u043e\u0441\u043b\u0435\u0434\u043d\u0435\u0435 \u0432\u0440\u0435\u043c\u044f. \u0424\u0438\u043b\u044c\u043c \u0437\u0430\u0441\u0442\u0430\u0432\u043b\u044f\u0435\u0442 \u043f\u043b\u0430\u043a\u0430\u0442\u044c, \u0440\u0430\u0434\u043e\u0432\u0430\u0442\u044c\u0441\u044f, \u0433\u0440\u0443\u0441\u0442\u0438\u0442\u044c, \u0434\u0435\u0440\u0436\u0438\u0442 \u0432 \u043d\u0430\u043f\u0440\u044f\u0436\u0435\u043d\u0438\u0438", "author": 102, "score": 10, "pub_date": "2022-07-08T11:38:59.812Z"}}, {"model": "reviews.review", "pk": 34, "fields": {"title": 12, "text": "\u0421 \u043e\u0433\u0440\u043e\u043c\u043d\u044b\u043c \u0443\u0434\u043e\u0432\u043e\u043b\u044c\u0441\u0442\u0432\u0438\u0435\u043c \u0441\u0445\u043e\u0434\u0438\u043b\u0430 \u0432 \u043a\u0438\u043d\u043e\u0442\u0435\u0430\u0442\u0440. \u041e\u0434\u043d\u043e\u0440\u0430\u0437\u043e\u0432\u044b\u0435 \u0444\u0438\u043b\u044c\u043c\u044b, \u043d\u0430\u0437\u0432\u0430\u043d\u0438\u044f \u043a\u043e\u0442\u043e\u0440\u044b\u0445 \u0437\u0430\u0431\u044b\u0432\u0430\u0435\u0448\u044c \u043d\u0430 \u0432\u044b\u0445\u043e\u0434\u0435 \u0438\u0437 \u0434\u0432\u0435\u0440\u0435\u0439 \u043a\u0438\u043d\u043e\u0437\u0430\u043b\u0430, \u0440\u0430\u0437\u043e\u0447\u0430\u0440\u043e\u0432\u044b\u0432\u0430\u044e\u0442. \u0418 \u0432\u043e\u0442 \u043d\u0430\u0441\u0442\u043e\u044f\u0449\u0438\u0439, \u0434\u0443\u0448\u0435\u0432\u043d\u044b\u0439, \u0436\u0438\u0437\u043d\u0435\u043d\u043d\u044b\u0439 \u0444\u0438\u043b\u044c\u043c. \u0418\u0433\u0440\u0430 \u0430\u043a\u0442\u043e\u0440\u043e\u0432 \u0438 \u0441\u044e\u0436\u0435\u0442 \u0431\u043e\u043c\u0431\u0438\u0447\u0435\u0441\u043a\u0438\u0435.", "author": 103, "score": 9, "pub_date": "2022-07-08T11:38:59.818Z"}}, {"model": "reviews.review", "pk": 35, "fields": {"title": 13, "text": "\u0427\u0442\u043e \u0441\u043a\u0430\u0437\u0430\u0442\u044c \u043f\u043e\u0441\u043b\u0435 \u043f\u0440\u043e\u0441\u043c\u043e\u0442\u0440\u0430? \u041d\u0438\u0447\u0435\u0433\u043e. \u0422\u0430\u043a\u043e\u0435 \u043e\u0449\u0443\u0449\u0435\u043d\u0438\u0435, \u0447\u0442\u043e \u0442\u0435\u0431\u044f \u043e\u0431\u043c\u0430\u043d\u0443\u043b\u0438, \u0437\u0430\u0441\u0442\u0430\u0432\u0438\u043b\u0438 \u0441\u043c\u043e\u0442\u0440\u0435\u0442\u044c \u0437\u0430 \u0442\u0432\u043e\u0438 \u0434\u0435\u043d\u044c\u0433\u0438 \u043d\u0430 \u0441\u0442\u0435\u043d\u0443", "author": 104, "score": 1, "pub_date": "2022-07-08T11:38:59.837Z"}}, {"model": "reviews.review", "pk": 36, "fields": {"title": 13, "text": "\u0425\u043e\u0442\u0435\u043b\u043e\u0441\u044c \u0443\u0439\u0442\u0438 \u0443\u0436\u0435 \u043d\u0430 \u0434\u0432\u0430\u0434\u0446\u0430\u0442\u043e\u0439 \u043c\u0438\u043d\u0443\u0442\u0435. \u041d\u0435\u0438\u043d\u0442\u0435\u0440\u0435\u0441\u043d\u043e \u0438 \u043d\u0443\u0434\u043d\u043e. \u0420\u0435\u0436\u0438\u0441\u0441\u0443\u0440\u0430 \u043d\u0435 \u0432\u043f\u0435\u0447\u0430\u0442\u043b\u0438\u043b\u0430, \u043d\u0443 \u043f\u0440\u043e\u0441\u0442\u043e \u043d\u0435\u0438\u043d\u0442\u0435\u0440\u0435\u0441\u043d\u043e \u0441\u043c\u043e\u0442\u0440\u0435\u0442\u044c \u0431\u044b\u043b\u043e", "author": 100, "score": 2, "pub_date": "2022-07-08T11:38:59.825Z"}}, {"model": "reviews.review", "pk": 37, "fields": {"title": 13, "text": "\u0424\u0438\u043b\u044c\u043c \u0441\u0442\u043e\u0438\u0442 \u0443\u0432\u0438\u0434\u0435\u0442\u044c \u0442\u0435\u043c, \u043a\u043e\u043c\u0443 \u0438\u043d\u0442\u0435\u0440\u0435\u0441\u043d\u043e \u0441\u043e\u0432\u0440\u0435\u043c\u0435\u043d\u043d\u043e\u0435 \u043a\u0438\u043d\u043e. \u041d\u0435 \u0441\u043a\u0443\u0447\u043d\u043e, \u043d\u0435 \u0437\u0430\u0442\u044f\u043d\u0443\u0442\u043e, \u043f\u043e\u043d\u0440\u0430\u0432\u0438\u043b\u0430\u0441\u044c \u043e\u043f\u0435\u0440\u0430\u0442\u043e\u0440\u0441\u043a\u0430\u044f \u0440\u0430\u0431\u043e\u0442\u0430, \u043d\u0435\u043a\u043e\u0442\u043e\u0440\u044b\u0435 \u0441\u0446\u0435\u043d\u044b \u0441\u0434\u0435\u043b\u0430\u043d\u044b \u043d\u0430 \u0445\u043e\u0440\u043e\u0448\u0435\u043c \u0443\u0440\u043e\u0432\u043d\u0435", "author": 101, "score": 8, "pub_date": "2022-07-08T11:38:59.831Z"}}, {"model": "reviews.review", "pk": 38, "fields": {"title": 15, "text": "\u041c\u0443\u0442\u043e\u0440\u043d\u043e \u0438 \u0442\u044f\u0436\u0435\u043b\u043e. \u0421\u0442\u0430\u0432\u043b\u044e 2", "author": 102, "score": 2, "pub_date": "2022-07-08T11:38:59.863Z"}}, {"model": "reviews.review", "pk": 39, "fields": {"title": 15, "text": "\u0424\u0438\u043b\u044c\u043c \u043d\u0435 \u043e\u043f\u0440\u0430\u0432\u0434\u0430\u043b \u043e\u0436\u0438\u0434\u0430\u043d\u0438\u0439. \u0421\u043f\u043b\u043e\u0448\u043d\u0430\u044f \u043a\u0430\u0448\u0430, \u0441\u043b\u0430\u0431\u044b\u0439 \u0441\u0446\u0435\u043d\u0430\u0440\u0438\u0439. \u0421 \u0442\u0440\u0443\u0434\u043e\u043c \u0434\u043e\u0441\u043c\u043e\u0442\u0440\u0435\u043b\u0430 \u0434\u043e \u043a\u043e\u043d\u0446\u0430. \u041e\u0436\u0438\u0434\u0430\u043b\u0430 \u043d\u0435\u0447\u0442\u043e \u0442\u0430\u043a\u043e\u0433\u043e \u0438\u043d\u0442\u0435\u0440\u0435\u0441\u043d\u043e\u0433\u043e \u0438 \u0437\u0430\u0445\u0432\u0430\u0442\u044b\u0432\u0430\u044e\u0449\u0435\u0435. \u041f\u043e\u043b\u043d\u043e\u0435 \u0440\u0430\u0437\u043e\u0447\u0430\u0440\u043e\u0432\u0430\u043d\u0438\u0435. \u041e\u0442\u0434\u0435\u043b\u044c\u043d\u044b\u0435 \u043d\u0435\u0441\u0432\u044f\u0437\u043d\u044b\u0435 \u0441\u0446\u0435\u043d\u044b, \u043d\u0435\u043f\u043e\u043d\u044f\u0442\u043d\u044b\u0435 \u0434\u0438\u0430\u043b\u043e\u0433\u0438", "author": 103, "score": 3, "pub_date": "2022-07-08T11:38:59.868Z"}}, {"model": "reviews.review", "pk": 40, "fields": {"title": 15, "text": "\u041c\u043d\u0435 \u0444\u0438\u043b\u044c\u043c \u043f\u043e\u043d\u0440\u0430\u0432\u0438\u043b\u0441\u044f. \u0412\u0441\u0435 \u043a\u0430\u0447\u0435\u0441\u0442\u0432\u0435\u043d\u043d\u043e,\u043a\u0440\u0430\u0441\u0438\u0432\u043e. \u0418\u0433\u0440\u0430 \u0430\u043a\u0442\u0435\u0440\u043e\u0432, \u0432 \u043e\u0441\u043d\u043e\u0432\u043d\u043e\u043c, \u043e\u0447\u0435\u043d\u044c \u0434\u0430\u0436\u0435. \u041d\u043e \u0441\u043b\u0438\u0448\u043a\u043e\u043c \u043c\u043d\u043e\u0433\u043e, \u0434\u043b\u044f \u043c\u0435\u043d\u044f \u043a\u0440\u043e\u0432\u0430\u0432\u044b\u0445 \u0441\u0446\u0435\u043d,\u0441\u043b\u0430\u0431\u043e\u043d\u0435\u0440\u0432\u043d\u044b\u043c \u043f\u0440\u043e\u0441\u044c\u0431\u0430 \u043d\u0435 \u0441\u043c\u043e\u0442\u0440\u0435\u0442\u044c", "author": 104, "score": 9, "pub_date": "2022-07-08T11:38:59.875Z"}}, {"model": "reviews.review", "pk": 41, "fields": {"title": 16, "text": "\u0417\u0440\u044f \u043f\u043e\u0442\u0435\u0440\u044f\u043d\u043d\u043e\u0435 \u0432\u0440\u0435\u043c\u044f! \u042d\u043c\u043e\u0446\u0438\u0438 \u043f\u043e\u0441\u043b\u0435 \u043f\u0440\u043e\u0441\u043c\u043e\u0442\u0440\u0430, - \u0431\u0435\u0437\u044b\u0441\u0445\u043e\u0434\u043d\u043e\u0441\u0442\u044c, \u043d\u0438\u0447\u0435\u0433\u043e \u0443\u0436\u0435 \u043d\u0435 \u0438\u0437\u043c\u0435\u043d\u0438\u0448\u044c. \u0424\u0438\u043b\u044c\u043c \u0432\u043e\u043e\u0431\u0449\u0435 \u043d\u0438\u043a\u0430\u043a\u043e\u0439!!!\n\u0418 \u043f\u043e\u0441\u0442\u0430\u0432\u0438\u043b\u0438 \u0435\u0433\u043e \u043b\u044e\u0434\u0438 \u0431\u0435\u0437\u0434\u0430\u0440\u043d\u044b\u0435 \u0438 \u043d\u0438\u043a\u0447\u0451\u043c\u043d\u044b\u0435!!!", "author": 100, "score": 1, "pub_date": "2022-07-08T11:38:59.882Z"}}, {"model": "reviews.review", "pk": 42, "fields": {"title": 16, "text": "\u041f\u043e\u0441\u043b\u0435 \u043f\u0440\u043e\u0441\u043c\u043e\u0442\u0440\u0430 \u0440\u0430\u0437\u043e\u0447\u0430\u0440\u043e\u0432\u0430\u043d\u0438\u0435 \u0433\u0440\u0430\u043d\u0438\u0447\u0438\u0442 \u0441 \u0448\u043e\u043a\u043e\u043c. \u0411\u0435\u0437\u0434\u0430\u0440\u043d\u044b\u0439 \u0444\u0438\u043b\u044c\u043c, \u043a\u0430\u043a \u043f\u0440\u0435\u0434\u044b\u0434\u0443\u0449\u0438\u0439 \u043e\u0442 \u044d\u0442\u043e\u0433\u043e \u0436\u0435 \u0440\u0435\u0436\u0438\u0441\u0441\u0435\u0440\u0430. \u041d\u0435 \u0440\u0435\u043a\u043e\u043c\u0435\u043d\u0434\u0443\u044e \u043d\u0438\u043a\u043e\u043c\u0443! \u041f\u043b\u043e\u0445\u043e, \u043d\u0435\u043f\u0440\u0430\u0432\u0434\u043e\u043f\u043e\u0434\u043e\u0431\u043d\u043e, \u0441\u043a\u043e\u043c\u043a\u0430\u043d\u043e \u0441\u043d\u044f\u0442\u043e.", "author": 101, "score": 2, "pub_date": "2022-07-08T11:38:59.889Z"}}, {"model": "reviews.review", "pk": 43, "fields": {"title": 16, "text": "\u0424\u0438\u043b\u044c\u043c \u043c\u043e\u0449\u043d\u044b\u0439. \u0413\u043b\u0430\u0432\u043d\u043e\u0435 - \u043d\u0435 \u0437\u0430\u043d\u0438\u043c\u0430\u0442\u044c \u0447\u044c\u044e-\u0442\u043e \u043f\u043e\u0437\u0438\u0446\u0438\u044e, \u0430 \u0441\u043c\u043e\u0442\u0440\u0435\u0442\u044c \u0441\u043e \u0441\u0442\u043e\u0440\u043e\u043d\u044b. \u0412\u043f\u0435\u0440\u0432\u044b\u0435 \u0432\u0438\u0436\u0443, \u0447\u0442\u043e\u0431\u044b \u0431\u044b\u043b\u043e \u0442\u0430\u043a \u0434\u0435\u0442\u0430\u043b\u044c\u043d\u043e \u043f\u043e\u043a\u0430\u0437\u0430\u043d\u044b \u043f\u0435\u0440\u0435\u0436\u0438\u0432\u0430\u043d\u0438\u044f \u0438 \u044d\u043c\u043e\u0446\u0438\u0438 \u043a\u0430\u0436\u0434\u043e\u0433\u043e \u0433\u0435\u0440\u043e\u044f. \u0412\u0441\u0435 \u043d\u0430 \u0441\u0432\u043e\u0435\u043c \u043c\u0435\u0441\u0442\u0435. \u0410\u043a\u0442\u0435\u0440\u044b \u0438 \u0433\u0440\u0430\u0444\u0438\u043a\u0430 \u043d\u0430 \u0432\u044b\u0441\u043e\u0442\u0435.", "author": 102, "score": 10, "pub_date": "2022-07-08T11:38:59.897Z"}}, {"model": "reviews.review", "pk": 44, "fields": {"title": 17, "text": "\u0415\u0441\u043b\u0438 \u0442\u0430\u043a\u043e\u0439 \u0436\u0430\u043d\u0440 \u0432\u0430\u043c \u043f\u043e \u0432\u043a\u0443\u0441\u0443, \u0442\u043e \u0434\u0430\u0436\u0435 \u043d\u0435 \u0441\u043e\u043c\u043d\u0435\u0432\u0430\u0439\u0442\u0435\u0441\u044c - \u0431\u0435\u0433\u043e\u043c \u0432 \u043a\u0438\u043d\u043e\u0442\u0435\u0430\u0442\u0440! \u0424\u0438\u043b\u044c\u043c - \u043e\u0433\u043e\u043d\u044c! \u0418\u043d\u0442\u0435\u0440\u0435\u0441\u043d\u044b\u0439 \u0441\u044e\u0436\u0435\u0442, \u0432\u0435\u043b\u0438\u043a\u043e\u043b\u0435\u043f\u043d\u0430\u044f \u0438\u0433\u0440\u0430 \u0430\u043a\u0442\u0451\u0440\u043e\u0432, \u0441\u044a\u0451\u043c\u043a\u0438 \u043f\u0440\u043e\u0441\u0442\u043e \u0441\u0443\u043f\u0435\u0440, \u0434\u0430 \u0438 \u0441\u043f\u0435\u0446\u044d\u0444\u0444\u0435\u043a\u0442\u044b \u043d\u0430 \u0432\u044b\u0441\u043e\u0442\u0435", "author": 103, "score": 10, "pub_date": "2022-07-08T11:38:59.902Z"}}, {"model": "reviews.review", "pk": 45, "fields": {"title": 18, "text": "\u0421\u044e\u0436\u0435\u0442, \u043c\u044b\u0441\u043b\u044c, \u0444\u0438\u043b\u043e\u0441\u043e\u0444\u0438\u044f, \u0438\u0433\u0440\u0430 \u0430\u043a\u0442\u0435\u0440\u043e\u0432, \u044d\u043c\u043e\u0446\u0438\u0438 - \u0431\u043b\u0435\u0441\u043a! \u0421\u044e\u0436\u0435\u0442 \u0434\u0438\u043d\u0430\u043c\u0438\u0447\u043d\u044b\u0439, \u0438\u0433\u0440\u0430 \u0430\u043a\u0442\u0451\u0440\u043e\u0432 \u0445\u043e\u0440\u043e\u0448\u0430, \u043d\u043e \u043d\u0435 \u0438\u0434\u0435\u0430\u043b\u044c\u043d\u0430.", "author": 104, "score": 8, "pub_date": "2022-07-08T11:38:59.922Z"}}, {"model": "reviews.review", "pk": 46, "fields": {"title": 18, "text": "\u0420\u0430\u0437\u043e\u0447\u0430\u0440\u043e\u0432\u0430\u043d\u0438\u043d\u0435, \u0432\u044b\u0442\u0430\u0449\u0438\u043b\u0430 \u0441\u0435\u0431\u044f \u0432 \u043a\u0438\u043d\u043e, \u0430 \u0442\u0443\u0442 \u0442\u0430\u043a\u043e\u0435. \u0420\u0435\u043a\u043b\u0430\u043c\u0430 \u0448\u043b\u0430 \u043c\u043d\u043e\u043e\u043e\u0431\u0435\u0449\u0430\u044e\u0449\u0430\u044f, \u0430 \u0432 \u0440\u0435\u0430\u043b\u044c\u043d\u043e\u0441\u0442\u0438 \u0432\u0441\u0451 \u043d\u0435 \u0442\u043e", "author": 100, "score": 2, "pub_date": "2022-07-08T11:38:59.915Z"}}, {"model": "reviews.review", "pk": 47, "fields": {"title": 19, "text": "\u041d\u0435\u043f\u0440\u0430\u0432\u0434\u043e\u043f\u043e\u0434\u043e\u0431\u043d\u044b\u0439, \u043d\u0435\u043b\u043e\u0433\u0438\u0447\u043d\u044b\u0439, \u0431\u0435\u0441\u0441\u043c\u044b\u0441\u043b\u0435\u043d\u043d\u044b\u0439 \u0444\u0438\u043b\u044c\u043c. \u041f\u0440\u043e\u0441\u0442\u043e \u043d\u0438\u043a\u0430\u043a\u043e\u0439, \u043c\u043e\u0436\u0435\u0442\u0435 \u0434\u0430\u0436\u0435 \u043d\u0435 \u0441\u043c\u043e\u0442\u0440\u0435\u0442\u044c, \u0441\u0443\u0442\u0438 \u043d\u0435 \u0443\u043b\u043e\u0432\u0438\u0442\u0435. \u041c\u043d\u0435 \u043f\u043e\u043d\u0440\u0430\u0432\u0438\u043b\u0441\u044f", "author": 101, "score": 10, "pub_date": "2022-07-08T11:38:59.930Z"}}, {"model": "reviews.review", "pk": 48, "fields": {"title": 19, "text": "\u0418\u043d\u0442\u0435\u0440\u0435\u0441\u043d\u043e \u043f\u0440\u043e\u0434\u0443\u043c\u0430\u043d\u043d\u044b\u0439 \u0444\u0438\u043b\u044c\u043c, \u0446\u0435\u043f\u043b\u044f\u0435\u0442 \u043d\u0435\u043e\u0431\u044b\u0447\u043d\u044b\u043c \u0441\u044e\u0436\u0435\u0442\u043e\u043c. \u0434\u043b\u0438\u043d\u043d\u044b\u0439, \u0447\u0442\u043e \u0431\u044b\u0432\u0430\u0435\u0442 \u043d\u0435 \u0432\u043e \u0432\u0441\u0435\u0445 \u0444\u0438\u043b\u044c\u043c\u0430\u0445. \u0410\u043a\u0442\u0451\u0440\u044b \u043a\u0440\u0443\u0442\u044b\u0435. \u0412 \u043e\u0431\u0449\u0435\u043c, \u043f\u043e\u0441\u043c\u043e\u0442\u0440\u0435\u0442\u044c \u043c\u043e\u0436\u043d\u043e.", "author": 102, "score": 8, "pub_date": "2022-07-08T11:38:59.938Z"}}, {"model": "reviews.review", "pk": 49, "fields": {"title": 20, "text": "\u0412\u043d\u0438\u043c\u0430\u0442\u0435\u043b\u044c\u043d\u043e \u0441\u043b\u0435\u0436\u0443 \u0437\u0430 \u0432\u0441\u0435\u043c\u0438 \u043d\u043e\u0432\u044b\u043c\u0438 \u0438\u0437\u0434\u0430\u043d\u0438\u044f\u043c\u0438, \u043f\u043e\u043a\u0443\u043f\u0430\u044e \u043a\u0430\u0436\u0434\u043e\u0435. \u041b\u0443\u0447\u0448\u0438\u0439 \u0442\u0440\u0438\u043b\u043b\u0435\u0440 \u0442\u044b\u0441\u044f\u0447\u0435\u043b\u0435\u0442\u0438\u044f \u2014 \u044d\u0442\u043e \u00ab\u041a\u043e\u043b\u043e\u0431\u043e\u043a\u00bb", "author": 103, "score": 10, "pub_date": "2022-07-08T11:38:59.944Z"}}, {"model": "reviews.review", "pk": 50, "fields": {"title": 20, "text": "\u0410 \u0432\u043e\u0442 \u0443 \u043a\u0438\u043f\u0447\u0430\u043a\u043e\u0432 \u00ab\u043a\u043e\u043b\u043e\u0431\u043e\u043a\u00bb \u2014 \u0448\u0430\u0440\u0438\u043a \u0438\u0437 \u043d\u0430\u0432\u043e\u0437\u0430! \u0418 \u0441\u043a\u0430\u0437\u043a\u0430 \u043f\u0440\u0438\u043e\u0431\u0440\u0435\u0442\u0430\u0435\u0442 \u0441\u043e\u0432\u0441\u0435\u043c \u0434\u0440\u0443\u0433\u043e\u0439 \u0441\u043c\u044b\u0441\u043b! \u00ab\u041d\u0435 \u0445\u0438\u0442\u0440\u0438, \u0430 \u0442\u043e \u043d\u0430\u0432\u043e\u0437\u0430 \u043d\u0430\u043a\u0443\u0448\u0430\u0435\u0448\u044c\u0441\u044f!\u00bb", "author": 104, "score": 10, "pub_date": "2022-07-08T11:38:59.950Z"}}, {"model": "reviews.review", "pk": 51, "fields": {"title": 21, "text": "\u041f\u0440\u043e\u0447\u043b\u0430 \u043e\u0442 \u043d\u0430\u0447\u0430\u043b\u0430 \u0434\u043e \u043a\u043e\u043d\u0446\u0430, \u043d\u0435 \u043e\u0442\u0440\u044b\u0432\u0430\u044f\u0441\u044c. \u0423\u0436\u0430\u0441\u043d\u0430\u044f \u043a\u043d\u0438\u0433\u0430, \u0447\u0435\u043c\u0443 \u043e\u043d\u0430 \u043c\u043e\u0436\u0435\u0442 \u043d\u0430\u0443\u0447\u0438\u0442\u044c \u043d\u0430\u0448\u0443 \u043c\u043e\u043b\u043e\u0434\u0451\u0436\u044c.", "author": 100, "score": 1, "pub_date": "2022-07-08T11:38:59.957Z"}}, {"model": "reviews.review", "pk": 52, "fields": {"title": 21, "text": "\u0421\u0443\u0440\u043e\u0432\u044b\u0435 \u0430\u043c\u0435\u0440\u0438\u043a\u0430\u043d\u0441\u043a\u0438\u0435 \u0441\u0435\u043c\u0438\u0434\u0435\u0441\u044f\u0442\u044b\u0435 \u0432 \u0434\u043e\u043a\u0443\u043c\u0435\u043d\u0442\u0430\u043b\u044c\u043d\u043e\u043c \u0438\u0437\u043b\u043e\u0436\u0435\u043d\u0438\u0438. \u041a\u0430\u043a \u0430\u0432\u0442\u043e\u0440 \u0434\u043e\u0436\u0438\u043b \u0434\u043e 2005-\u0433\u043e \u0433\u043e\u0434\u0430 \u2014 \u0437\u0430\u0433\u0430\u0434\u043a\u0430. \u041d\u043e \u0440\u043e\u043c\u0430\u043d \u043f\u0440\u0435\u043a\u0440\u0430\u0441\u043d\u044b\u0439.", "author": 101, "score": 10, "pub_date": "2022-07-08T11:38:59.964Z"}}, {"model": "reviews.review", "pk": 53, "fields": {"title": 22, "text": "\u041c\u043d\u043e\u0433\u0430\u0431\u0443\u043a\u0443\u0444. \u041d\u0438\u0430\u0441\u0438\u043b\u0438\u043b. \u0412 \u0430\u043d\u043d\u043e\u0442\u0430\u0446\u0438\u0438 \u043d\u0430\u043f\u0438\u0441\u0430\u043d\u043e \u2014 \u00ab\u0432\u0435\u043b\u0438\u043a\u0438\u0439 \u0440\u043e\u043c\u0430\u043d\u00bb, \u0442\u0430\u043a \u0447\u0442\u043e \u0441\u0442\u0430\u0432\u043b\u044e \u043c\u0430\u043a\u0441\u0438\u043c\u0430\u043b\u044c\u043d\u0443\u044e \u043e\u0446\u0435\u043d\u043a\u0443", "author": 102, "score": 10, "pub_date": "2022-07-08T11:38:59.970Z"}}, {"model": "reviews.review", "pk": 54, "fields": {"title": 22, "text": "\u0415\u0441\u043b\u0438 \u0442\u0430\u043a\u043e\u0439 \u0436\u0430\u043d\u0440 \u0432\u0430\u043c \u043f\u043e \u0432\u043a\u0443\u0441\u0443, \u0442\u043e \u0434\u0430\u0436\u0435 \u043d\u0435 \u0441\u043e\u043c\u043d\u0435\u0432\u0430\u0439\u0442\u0435\u0441\u044c: \u0441\u0430\u0434\u0438\u0442\u0435\u0441\u044c \u0447\u0438\u0442\u0430\u0442\u044c! \u0420\u043e\u043c\u0430\u043d - \u043e\u0433\u043e\u043d\u044c! \u0418\u043d\u0442\u0435\u0440\u0435\u0441\u043d\u044b\u0439 \u0441\u044e\u0436\u0435\u0442, \u0432\u0435\u043b\u0438\u043a\u043e\u043b\u0435\u043f\u043d\u044b\u0435 \u043f\u0435\u0440\u0441\u043e\u043d\u0430\u0436\u0438, \u043d\u0435\u0431\u043e \u0410\u0443\u0441\u0442\u0435\u0440\u043b\u0438\u0446\u0430 \u0438 \u0432\u0441\u0442\u0440\u0435\u0447\u0430 \u0441 \u0434\u0443\u0431\u043e\u043c", "author": 103, "score": 10, "pub_date": "2022-07-08T11:38:59.977Z"}}, {"model": "reviews.review", "pk": 55, "fields": {"title": 22, "text": "\u042f \u0412\u0438\u041c \u0432 \u0448\u043a\u043e\u043b\u0435 \u0447\u0438\u0442\u0430\u043b (\u0437\u0430\u0441\u0442\u0430\u0432\u043b\u044f\u043b\u0438), \u0430 \u043f\u043e\u0442\u043e\u043c \u043e\u043f\u044f\u0442\u044c \u0441\u043b\u0443\u0447\u0430\u0439\u043d\u043e \u043f\u0440\u043e\u0447\u0451\u043b, \u0438 \u043e\u043a\u0430\u0437\u0430\u043b\u043e\u0441\u044c, \u0447\u0442\u043e \u043e\u043d \u0438 \u043f\u0440\u0430\u0432\u043b\u0430 \u0432\u0435\u043b\u0438\u043a\u0438\u0439, \u0430 \u043d\u0435 \u043f\u0440\u043e\u0441\u0442\u043e \u0442\u0430\u043a. \u041d\u0435 \u0441\u0442\u0430\u0432\u043b\u044e \u0434\u0435\u0441\u044f\u0442\u043a\u0443 \u0442\u043e\u043b\u044c\u043a\u043e \u0432 \u043f\u0430\u043c\u044f\u0442\u044c \u043e \u0448\u043a\u043e\u043b\u044c\u043d\u044b\u0445 \u043c\u0443\u0447\u0435\u043d\u0438\u044f\u0445", "author": 104, "score": 8, "pub_date": "2022-07-08T11:38:59.985Z"}}, {"model": "reviews.review", "pk": 56, "fields": {"title": 23, "text": "\u041d\u0438\u0447\u0435\u0433\u043e \u043d\u0435 \u043f\u043e\u043d\u044f\u043b", "author": 100, "score": 3, "pub_date": "2022-07-08T11:38:59.991Z"}}, {"model": "reviews.review", "pk": 57, "fields": {"title": 23, "text": "\u041d\u0435 \u043f\u043e\u043d\u044f\u043b \u0432\u043e\u043e\u0431\u0449\u0435 \u043d\u0438\u0447\u0435\u0433\u043e", "author": 101, "score": 1, "pub_date": "2022-07-08T11:38:59.997Z"}}, {"model": "reviews.review", "pk": 58, "fields": {"title": 23, "text": "\u0421\u043e\u0432\u0441\u0435\u043c \u043d\u0435\u043f\u043e\u043d\u044f\u0442\u043d\u043e, \u043d\u043e \u0437\u0434\u043e\u0440\u043e\u0432\u043e", "author": 102, "score": 8, "pub_date": "2022-07-08T11:39:00.002Z"}}, {"model": "reviews.review", "pk": 59, "fields": {"title": 23, "text": "\u0427\u0442\u043e \u044d\u0442\u043e \u0431\u044b\u043b\u043e?! \u0414\u0435\u0441\u044f\u0442\u043a\u0430 \u0437\u0430 \u0443\u0440\u043e\u0432\u0435\u043d\u044c \u043d\u0435\u043f\u043e\u043d\u044f\u0442\u043d\u043e\u0441\u0442\u0438", "author": 103, "score": 10, "pub_date": "2022-07-08T11:39:00.011Z"}}, {"model": "reviews.review", "pk": 60, "fields": {"title": 23, "text": "\u0414\u0435\u0442\u0430\u043b\u044c\u043d\u043e \u043a\u043e\u043c\u043c\u0435\u043d\u0442\u0438\u0440\u043e\u0432\u0430\u0442\u044c \u043d\u0435 \u0431\u0443\u0434\u0443, \u043d\u043e \u044d\u0442\u043e \u0448\u0435\u0434\u0435\u0432\u0440", "author": 104, "score": 10, "pub_date": "2022-07-08T11:39:00.018Z"}}, {"model": "reviews.review", "pk": 63, "fields": {"title": 24, "text": "\u041d\u0435 \u043c\u043e\u0436\u0435\u0442 \u0431\u044b\u0442\u044c \u0442\u0430\u043a\u043e\u0433\u043e. \u042d\u0442\u043e \u0432\u0441\u0451 \u043f\u0440\u0438\u0434\u0443\u043c\u0430\u043d\u043e, \u0430\u0432\u0442\u043e\u0440 \u043f\u043e\u043f\u044b\u0442\u0430\u043b\u0441\u044f \u043e\u0431\u043c\u0430\u043d\u0443\u0442\u044c \u0447\u0438\u0442\u0430\u0442\u0435\u043b\u044f, \u043d\u043e \u043c\u044b, \u0447\u0438\u0442\u0430\u0442\u0435\u043b\u0438, \u0443\u043c\u043d\u0435\u0435 \u0435\u0433\u043e. \u041d\u0430\u0441 \u0432\u043e\u043a\u0440\u0443\u0433 \u043f\u0430\u043b\u044c\u0446\u0430 \u043d\u0435 \u043e\u0431\u0432\u0435\u0434\u0451\u0448\u044c!!", "author": 102, "score": 2, "pub_date": "2022-07-08T11:39:00.024Z"}}, {"model": "reviews.review", "pk": 64, "fields": {"title": 24, "text": "\u0412\u0441\u0451 \u0441\u043e\u0432\u0435\u0440\u0448\u0435\u043d\u043d\u043e \u043d\u0435 \u0442\u0430\u043a, \u043a\u0430\u043a \u043d\u0430 \u0441\u0430\u043c\u043e\u043c \u0434\u0435\u043b\u0435, \u0438 \u0432 \u0434\u043e\u043a\u0443\u043c\u0435\u043d\u0442\u0430\u043b\u044c\u043d\u043e\u0439 \u043f\u043e\u0432\u0435\u0441\u0442\u0438 \u044d\u0442\u043e \u0445\u043e\u0440\u043e\u0448\u043e \u043e\u043f\u0438\u0441\u0430\u043d\u043e", "author": 103, "score": 9, "pub_date": "2022-07-08T11:39:00.030Z"}}, {"model": "reviews.review", "pk": 65, "fields": {"title": 25, "text": "\u0415\u0441\u043b\u0438 \u0431\u044b \u044f \u0442\u043e\u043b\u044c\u043a\u043e \u043c\u043e\u0433 \u043d\u0430 \u043c\u0438\u043d\u0443\u0442\u043a\u0443 \u043f\u0435\u0440\u0435\u0441\u0442\u0430\u0442\u044c \u0431\u0443\u043c\u043a\u0430\u0442\u044c \u0433\u043e\u043b\u043e\u0432\u043e\u0439 \u043f\u043e \u0441\u0442\u0443\u043f\u0435\u043d\u044c\u043a\u0430\u043c \u0438 \u043a\u0430\u043a \u0441\u043b\u0435\u0434\u0443\u0435\u0442 \u0441\u043e\u0441\u0440\u0435\u0434\u043e\u0442\u043e\u0447\u0438\u0442\u044c\u0441\u044f \u2014 \u044f \u0431\u044b \u043d\u0430\u043f\u0438\u0441\u0430\u043b \u043f\u0440\u0435\u043a\u0440\u0430\u0441\u043d\u044b\u0439 \u043e\u0442\u0437\u044b\u0432. \u041d\u043e \u0443\u0432\u044b \u2014 \u0441\u043e\u0441\u0440\u0435\u0434\u043e\u0442\u043e\u0447\u0438\u0442\u044c\u0441\u044f-\u0442\u043e \u043c\u043d\u0435 \u0438 \u043d\u0435\u043a\u043e\u0433\u0434\u0430: \u0443\u0447\u0451\u0431\u0430, \u0440\u0430\u0431\u043e\u0442\u0430. \u041f\u0440\u043e\u0441\u0442\u043e \u043f\u043e\u0441\u0442\u0430\u0432\u043b\u044e \u043f\u044f\u0442\u0451\u0440\u043a\u0443", "author": 104, "score": 10, "pub_date": "2022-07-08T11:39:00.042Z"}}, {"model": "reviews.review", "pk": 66, "fields": {"title": 25, "text": "\u042d\u0442\u043e \u043f\u0440\u043e\u0441\u0442\u043e \u00ab\u0412\u043e\u0439\u043d\u0430 \u0438 \u043c\u0438\u0440\u00bb \u0434\u043b\u044f \u0434\u0435\u0442\u0435\u0439. \u0427\u0438\u0442\u0430\u0442\u044c \u0432\u0441\u0435\u043c", "author": 100, "score": 10, "pub_date": "2022-07-08T11:39:00.036Z"}}, {"model": "reviews.review", "pk": 67, "fields": {"title": 26, "text": "\u0421\u043b\u0443\u0448\u0430\u044e \u0438 \u043f\u043b\u0430\u0447\u0443. \u041f\u043b\u0430\u0447\u0443, \u043d\u043e \u0441\u043b\u0443\u0448\u0430\u044e", "author": 101, "score": 10, "pub_date": "2022-07-08T11:39:00.048Z"}}, {"model": "reviews.review", "pk": 68, "fields": {"title": 27, "text": "\u041a\u0430\u043a\u043e\u0439-\u0442\u043e \u043d\u0435\u043f\u043e\u043d\u044f\u0442\u043d\u044b\u0439 \u0448\u0443\u043c. \u041d\u0435\u0443\u0436\u0435\u043b\u0438 \u044d\u0442\u043e \u043a\u0442\u043e-\u0442\u043e \u0441\u043b\u0443\u0448\u0430\u0435\u0442?", "author": 102, "score": 1, "pub_date": "2022-07-08T11:39:00.053Z"}}, {"model": "reviews.review", "pk": 69, "fields": {"title": 27, "text": "\u041d\u0438\u0447\u0435\u0433\u043e \u043d\u0435 \u043f\u043e\u043d\u044f\u0442\u043d\u043e. \u041e \u0447\u0451\u043c \u044d\u0442\u0430 \u043f\u0435\u0441\u043d\u044f, \u0447\u0435\u043c\u0443 \u043e\u043d\u0430 \u0443\u0447\u0438\u0442?", "author": 103, "score": 2, "pub_date": "2022-07-08T11:39:00.059Z"}}, {"model": "reviews.review", "pk": 70, "fields": {"title": 28, "text": "\u0419\u044d\u043d \u0410\u043d\u0434\u0435\u0440\u0441\u043e\u043d \u0432\u0435\u043b\u0438\u043a\u0438\u0439!!!!!!!!1111", "author": 104, "score": 10, "pub_date": "2022-07-08T11:39:00.072Z"}}, {"model": "reviews.review", "pk": 71, "fields": {"title": 28, "text": "\u041d\u0435\u0443\u0436\u0435\u043b\u0438 \u043f\u0435\u0441\u043d\u044e \u043f\u0440\u043e \u0430\u043a\u0432\u0430\u043b\u0430\u043d\u0433\u0438\u0441\u0442\u043e\u0432 \u043f\u0435\u0440\u0435\u0432\u0435\u043b\u0438 \u043d\u0430 \u0430\u043d\u0433\u043b\u0438\u0439\u0441\u043a\u0438\u0439?! \u041d\u0443 \u043d\u0430\u043a\u043e\u043d\u0435\u0446-\u0442\u043e! \u0410\u043a\u0432\u0430\u043b\u0430\u043d\u0433\u0438\u0441\u0442\u044b \u2014 \u044d\u0442\u043e \u0445\u043e\u0440\u043e\u0448\u043e!", "author": 100, "score": 10, "pub_date": "2022-07-08T11:39:00.066Z"}}, {"model": "reviews.review", "pk": 72, "fields": {"title": 29, "text": "\u041c\u044b \u043f\u0440\u044b\u0433\u0430\u043b\u0438, \u0432\u0435\u0440\u0442\u0435\u043b\u0438\u0441\u044c \u0438 \u043a\u0440\u0443\u0436\u0438\u043b\u0438\u0441\u044c \u0442\u0430\u043a, \u0447\u0442\u043e \u043f\u043e\u043b \u0445\u043e\u0434\u0438\u043b \u0445\u043e\u0434\u0443\u043d\u043e\u043c!", "author": 101, "score": 10, "pub_date": "2022-07-08T11:39:00.078Z"}}, {"model": "reviews.review", "pk": 73, "fields": {"title": 30, "text": "\u042d\u0442\u043e \u0435\u0434\u0438\u043d\u0441\u0442\u0432\u0435\u043d\u043d\u044b\u0439 \u0440\u0438\u0444, \u043a\u043e\u0442\u043e\u0440\u044b\u0439 \u044f \u0443\u043c\u0435\u044e \u0438\u0433\u0440\u0430\u0442\u044c \u043d\u0430 \u0441\u0432\u043e\u0435\u0439 \u0441\u0443\u043f\u0435\u0440\u0434\u043e\u0440\u043e\u0433\u043e\u0439 \u0433\u0438\u0442\u0430\u0440\u0435! \u041c\u043e\u044f \u043b\u044e\u0431\u0438\u043c\u0430\u044f \u043f\u0435\u0441\u043d\u044f", "author": 104, "score": 10, "pub_date": "2022-07-08T11:39:00.084Z"}}, {"model": "reviews.review", "pk": 74, "fields": {"title": 31, "text": "\u0421\u0442\u0440\u0430\u043d\u043d\u043e: \u041c\u043e\u0446\u0430\u0440\u0442 - \u0430\u0432\u0441\u0442\u0440\u0438\u0435\u0446, \u0430 \u043c\u0430\u0440\u0448 - \u0442\u0443\u0440\u0435\u0446\u043a\u0438\u0439. \u041d\u0435 \u043f\u043e\u043d\u0438\u043c\u0430\u044e, \u043a\u0430\u043a \u0442\u0430\u043a \u0432\u044b\u0448\u043b\u043e. \u0417\u0432\u0443\u0447\u0438\u0442 \u043a\u0440\u0430\u0441\u0438\u0432\u043e, \u043d\u043e \u0437\u0430 \u0433\u0435\u043e\u0433\u0440\u0430\u0444\u0438\u0447\u0435\u0441\u043a\u0443\u044e \u043f\u0443\u0442\u0430\u043d\u0438\u0446\u0443 \u0441\u0442\u0430\u0432\u043b\u044e \u0432\u043e\u0441\u0435\u043c\u044c", "author": 100, "score": 8, "pub_date": "2022-07-08T11:39:00.091Z"}}, {"model": "reviews.review", "pk": 75, "fields": {"title": 32, "text": "\u0411\u0430\u0445 forever. \u042d\u0442\u043e \u0432\u0430\u043c \u043d\u0435 \u0442\u0440\u0438 \u0430\u043a\u043a\u043e\u0440\u0434\u0430 \u043d\u0430 \u0433\u0438\u0442\u0430\u0440\u0435, \u043a\u0430\u043a \u0443 \u0441\u043c\u043e\u043a \u043e\u043d \u0437\u0435 \u0432\u043e\u0442\u0435\u0440", "author": 102, "score": 10, "pub_date": "2022-07-08T11:39:00.097Z"}}, {"model": "reviews.comment", "pk": 1, "fields": {"review": 6, "text": "\u041d\u0438\u0447\u0435\u0433\u043e \u043f\u043e\u0434\u043e\u0431\u043d\u043e\u0433\u043e, \u0432 \u0444\u0438\u043b\u044c\u043c\u0435 \u0432\u0441\u0451 \u043d\u0435 \u0442\u0430\u043a, \u0438 \u043f\u0440\u043e\u0433\u0440\u0430\u043c\u043c\u0438\u0440\u043e\u0432\u0430\u043d\u0438\u0435 \u0442\u0443\u0442 \u0432\u043e\u043e\u0431\u0449\u0435 \u043d\u0438 \u043f\u0440\u0438 \u0447\u0451\u043c!", "author": 102, "pub_date": "2022-07-08T11:39:35.224Z"}}, {"model": "reviews.comment", "pk": 2, "fields": {"review": 6, "text": "\u041d\u0443 \u043d\u0430\u0434\u043e \u0436\u0435, \u043d\u0435 \u043d\u0430\u0448\u043b\u043e\u0441\u044c \u043d\u0438\u0447\u0435\u0433\u043e \u043b\u0443\u0447\u0448\u0435\u0433\u043e, \u043a\u0440\u043e\u043c\u0435 \u043a\u0430\u043a \u043f\u0440\u043e\u043a\u043e\u043c\u043c\u0435\u043d\u0442\u0438\u0440\u043e\u0432\u0430\u0442\u044c \u0440\u0430\u0437\u0433\u043e\u0432\u043e\u0440 \u043f\u0440\u043e \u0433\u0430\u043c\u0431\u0443\u0440\u0433\u0435\u0440\u044b, \u0431\u0443\u0434\u0442\u043e \u0432 \u0444\u0438\u043b\u044c\u043c\u0435 \u043d\u0438\u0447\u0435\u0433\u043e \u0432\u0430\u0436\u043d\u0435\u0435 \u044d\u0442\u043e\u0433\u043e \u043d\u0435\u0442", "author": 101, "pub_date": "2022-07-08T11:39:35.232Z"}}, {"model": "reviews.comment", "pk": 3, "fields": {"review": 6, "text": "\u041a\u0441\u0442\u0430\u0442\u0438, \u0430 \u0447\u0442\u043e \u0442\u0430\u043a\u043e\u0435 \"\u0447\u0435\u0442\u0432\u0435\u0440\u0442\u044c \u0444\u0443\u043d\u0442\u0430\"? \u0412 \u0433\u0440\u0430\u043c\u043c\u0430\u0445 \u044d\u0442\u043e \u0441\u043a\u043e\u043b\u044c\u043a\u043e?", "author": 103, "pub_date": "2022-07-08T11:39:35.242Z"}}, {"model": "admin.logentry", "pk": 1, "fields": {"action_time": "2022-07-08T11:09:50.667Z", "user": 1, "content_type": 12, "object_id": "1", "object_repr": "[Genre 1] [Slug drama]-  \u0414\u0440\u0430\u043c\u0430", "action_flag": 1, "change_message": "new through import_export"}}, {"model": "admin.logentry", "pk": 2, "fields": {"action_time": "2022-07-08T11:09:50.670Z", "user": 1, "content_type": 12, "object_id": "2", "object_repr": "[Genre 2] [Slug comedy]-  \u041a\u043e\u043c\u0435\u0434\u0438\u044f", "action_flag": 1, "change_message": "new through import_export"}}, {"model": "admin.logentry", "pk": 3, "fields": {"action_time": "2022-07-08T11:09:50.672Z", "user": 1, "content_type": 12, "object_id": "3", "object_repr": "[Genre 3] [Slug western]-  \u0412\u0435\u0441\u0442\u0435\u0440\u043d", "action_flag": 1, "change_message": "new through import_export"}}, {"model": "admin.logentry", "pk": 4, "fields": {"action_time": "2022-07-08T11:09:50.675Z", "user": 1, "content_type": 12, "object_id": "4", "object_repr": "[Genre 4] [Slug fantasy]-  \u0424\u044d\u043d\u0442\u0435\u0437\u0438", "action_flag": 1, "change_message": "new through import_export"}}, {"model": "admin.logentry", "pk": 5, "fields": {"action_time": "2022-07-08T11:09:50.677Z", "user": 1, "content_type": 12, "object_id": "5", "object_repr": "[Genre 5] [Slug sci-fi]-  \u0424\u0430\u043d\u0442\u0430\u0441\u0442\u0438\u043a\u0430", "action_flag": 1, "change_message": "new through import_export"}}, {"model": "admin.logentry", "pk": 6, "fields": {"action_time": "2022-07-08T11:09:50.680Z", "user": 1, "content_type": 12, "object_id": "6", "object_repr": "[Genre 6] [Slug detective]-  \u0414\u0435\u0442\u0435\u043a\u0442\u0438\u0432", "action_flag": 1, "change_message": "new through import_export"}}, {"model": "admin.logentry", "pk": 7, "fields": {"action_time": "2022-07-08T11:09:50.682Z", "user": 1, "content_type": 12, "object_id": "7", "object_repr": "[Genre 7] [Slug thriller]-  \u0422\u0440\u0438\u043b\u043b\u0435\u0440", "action_flag": 1, "change_message": "new through import_export"}}, {"model": "admin.logentry", "pk": 8, "fields": {"action_time": "2022-07-08T11:09:50.684Z", "user": 1, "content_type": 12, "object_id": "8", "object_repr": "[Genre 8] [Slug tale]-  \u0421\u043a\u0430\u0437\u043a\u0430", "action_flag": 1, "change_message": "new through import_export"}}, {"model": "admin.logentry", "pk": 9, "fields": {"action_time": "2022-07-08T11:09:50.686Z", "user": 1, "content_type": 12, "object_id": "9", "object_repr": "[Genre 9] [Slug gonzo]-  \u0413\u043e\u043d\u0437\u043e", "action_flag": 1, "change_message": "new through import_export"}}, {"model": "admin.logentry", "pk": 10, "fields": {"action_time": "2022-07-08T11:09:50.689Z", "user": 1, "content_type": 12, "object_id": "10", "object_repr": "[Genre 10] [Slug roman]-  \u0420\u043e\u043c\u0430\u043d", "action_flag": 1, "change_message": "new through import_export"}}, {"model": "admin.logentry", "pk": 11, "fields": {"action_time": "2022-07-08T11:09:50.692Z", "user": 1, "content_type": 12, "object_id": "11", "object_repr": "[Genre 11] [Slug ballad]-  \u0411\u0430\u043b\u043b\u0430\u0434\u0430", "action_flag": 1, "change_message": "new through import_export"}}, {"model": "admin.logentry", "pk": 12, "fields": {"action_time": "2022-07-08T11:09:50.694Z", "user": 1, "content_type": 12, "object_id": "12", "object_repr": "[Genre 12] [Slug rock-n-roll]-  Rock-n-roll", "action_flag": 1, "change_message": "new through import_export"}}, {"model": "admin.logentry", "pk": 13, "fields": {"action_time": "2022-07-08T11:09:50.696Z", "user": 1, "content_type": 12, "object_id": "13", "object_repr": "[Genre 13] [Slug classical]-  \u041a\u043b\u0430\u0441\u0441\u0438\u043a\u0430", "action_flag": 1, "change_message": "new through import_export"}}, {"model": "admin.logentry", "pk": 14, "fields": {"action_time": "2022-07-08T11:09:50.699Z", "user": 1, "content_type": 12, "object_id": "14", "object_repr": "[Genre 14] [Slug rock]-  \u0420\u043e\u043a", "action_flag": 1, "change_message": "new through import_export"}}, {"model": "admin.logentry", "pk": 15, "fields": {"action_time": "2022-07-08T11:09:50.700Z", "user": 1, "content_type": 12, "object_id": "15", "object_repr": "[Genre 15] [Slug chanson]-  \u0428\u0430\u043d\u0441\u043e\u043d", "action_flag": 1, "change_message": "new through import_export"}}, {"model": "admin.logentry", "pk": 16, "fields": {"action_time": "2022-07-08T11:10:13.307Z", "user": 1, "content_type": 6, "object_id": "100", "object_repr": "[User 100]-   bingobongo@yamdb.fake", "action_flag": 1, "change_message": "new through import_export"}}, {"model": "admin.logentry", "pk": 17, "fields": {"action_time": "2022-07-08T11:10:13.310Z", "user": 1, "content_type": 6, "object_id": "101", "object_repr": "[User 101]-   capt_obvious@yamdb.fake", "action_flag": 1, "change_message": "new through import_export"}}, {"model": "admin.logentry", "pk": 18, "fields": {"action_time": "2022-07-08T11:10:13.313Z", "user": 1, "content_type": 6, "object_id": "102", "object_repr": "[User 102]-   faust@yamdb.fake", "action_flag": 1, "change_message": "new through import_export"}}, {"model": "admin.logentry", "pk": 19, "fields": {"action_time": "2022-07-08T11:10:13.315Z", "user": 1, "content_type": 6, "object_id": "103", "object_repr": "[User 103]-   reviewer@yamdb.fake", "action_flag": 1, "change_message": "new through import_export"}}, {"model": "admin.logentry", "pk": 20, "fields": {"action_time": "2022-07-08T11:10:13.317Z", "user": 1, "content_type": 6, "object_id": "104", "object_repr": "[User 104]-   angry@yamdb.fake", "action_flag": 1, "change_message": "new through import_export"}}, {"model": "admin.logentry", "pk": 21, "fields": {"action_time": "2022-07-08T11:13:59.111Z", "user": 1, "content_type": 10, "object_id": "1", "object_repr": "[Category 1] [Slug movie]-  \u0424\u0438\u043b\u044c\u043c", "action_flag": 1, "change_message": "new through import_export"}}, {"model": "admin.logentry", "pk": 22, "fields": {"action_time": "2022-07-08T11:13:59.113Z", "user": 1, "content_type": 10, "object_id": "2", "object_repr": "[Category 2] [Slug book]-  \u041a\u043d\u0438\u0433\u0430", "action_flag": 1, "change_message": "new through import_export"}}, {"model": "admin.logentry", "pk": 23, "fields": {"action_time": "2022-07-08T11:13:59.115Z", "user": 1, "content_type": 10, "object_id": "3", "object_repr": "[Category 3] [Slug music]-  \u041c\u0443\u0437\u044b\u043a\u0430", "action_flag": 1, "change_message": "new through import_export"}}, {"model": "admin.logentry", "pk": 24, "fields": {"action_time": "2022-07-08T11:14:29.160Z", "user": 1, "content_type": 8, "object_id": "1", "object_repr": "[Title 1][Category [Category 1] [Slug movie]-  \u0424\u0438\u043b\u044c\u043c]-  1994 \u041f\u043e\u0431\u0435\u0433 \u0438\u0437 \u0428\u043e\u0443\u0448\u0435\u043d\u043a\u0430", "action_flag": 1, "change_message": "new through import_export"}}, {"model": "admin.logentry", "pk": 25, "fields": {"action_time": "2022-07-08T11:14:29.163Z", "user": 1, "content_type": 8, "object_id": "2", "object_repr": "[Title 2][Category [Category 1] [Slug movie]-  \u0424\u0438\u043b\u044c\u043c]-  1972 \u041a\u0440\u0435\u0441\u0442\u043d\u044b\u0439 \u043e\u0442\u0435\u0446", "action_flag": 1, "change_message": "new through import_export"}}, {"model": "admin.logentry", "pk": 26, "fields": {"action_time": "2022-07-08T11:14:29.165Z", "user": 1, "content_type": 8, "object_id": "3", "object_repr": "[Title 3][Category [Category 1] [Slug movie]-  \u0424\u0438\u043b\u044c\u043c]-  1957 12 \u0440\u0430\u0437\u0433\u043d\u0435\u0432\u0430\u043d\u043d\u044b\u0445 \u043c\u0443\u0436\u0447\u0438\u043d", "action_flag": 1, "change_message": "new through import_export"}}, {"model": "admin.logentry", "pk": 27, "fields": {"action_time": "2022-07-08T11:14:29.167Z", "user": 1, "content_type": 8, "object_id": "4", "object_repr": "[Title 4][Category [Category 1] [Slug movie]-  \u0424\u0438\u043b\u044c\u043c]-  1993 \u0421\u043f\u0438\u0441\u043e\u043a \u0428\u0438\u043d\u0434\u043b\u0435\u0440\u0430", "action_flag": 1, "change_message": "new through import_export"}}, {"model": "admin.logentry", "pk": 28, "fields": {"action_time": "2022-07-08T11:14:29.169Z", "user": 1, "content_type": 8, "object_id": "5", "object_repr": "[Title 5][Category [Category 1] [Slug movie]-  \u0424\u0438\u043b\u044c\u043c]-  1994 \u041a\u0440\u0438\u043c\u0438\u043d\u0430\u043b\u044c\u043d\u043e\u0435 \u0447\u0442\u0438\u0432\u043e", "action_flag": 1, "change_message": "new through import_export"}}, {"model": "admin.logentry", "pk": 29, "fields": {"action_time": "2022-07-08T11:14:29.171Z", "user": 1, "content_type": 8, "object_id": "6", "object_repr": "[Title 6][Category [Category 1] [Slug movie]-  \u0424\u0438\u043b\u044c\u043c]-  1966 \u0425\u043e\u0440\u043e\u0448\u0438\u0439, \u043f\u043b\u043e\u0445\u043e\u0439, \u0437\u043b\u043e\u0439", "action_flag": 1, "change_message": "new through import_export"}}, {"model": "admin.logentry", "pk": 30, "fields": {"action_time": "2022-07-08T11:14:29.173Z", "user": 1, "content_type": 8, "object_id": "7", "object_repr": "[Title 7][Category [Category 1] [Slug movie]-  \u0424\u0438\u043b\u044c\u043c]-  2001 \u0412\u043b\u0430\u0441\u0442\u0435\u043b\u0438\u043d \u043a\u043e\u043b\u0435\u0446: \u0411\u0440\u0430\u0442\u0441\u0442\u0432\u043e \u043a\u043e\u043b\u044c\u0446\u0430", "action_flag": 1, "change_message": "new through import_export"}}, {"model": "admin.logentry", "pk": 31, "fields": {"action_time": "2022-07-08T11:14:29.175Z", "user": 1, "content_type": 8, "object_id": "8", "object_repr": "[Title 8][Category [Category 1] [Slug movie]-  \u0424\u0438\u043b\u044c\u043c]-  1999 \u0411\u043e\u0439\u0446\u043e\u0432\u0441\u043a\u0438\u0439 \u043a\u043b\u0443\u0431", "action_flag": 1, "change_message": "new through import_export"}}, {"model": "admin.logentry", "pk": 32, "fields": {"action_time": "2022-07-08T11:14:29.178Z", "user": 1, "content_type": 8, "object_id": "9", "object_repr": "[Title 9][Category [Category 1] [Slug movie]-  \u0424\u0438\u043b\u044c\u043c]-  1994 \u0424\u043e\u0440\u0440\u0435\u0441\u0442 \u0413\u0430\u043c\u043f", "action_flag": 1, "change_message": "new through import_export"}}, {"model": "admin.logentry", "pk": 33, "fields": {"action_time": "2022-07-08T11:14:29.180Z", "user": 1, "content_type": 8, "object_id": "10", "object_repr": "[Title 10][Category [Category 1] [Slug movie]-  \u0424\u0438\u043b\u044c\u043c]-  1980 \u0417\u0432\u0451\u0437\u0434\u043d\u044b\u0435 \u0432\u043e\u0439\u043d\u044b. \u042d\u043f\u0438\u0437\u043e\u0434 5: \u0418\u043c\u043f\u0435\u0440\u0438\u044f \u043d\u0430\u043d\u043e\u0441\u0438\u0442 \u043e\u0442\u0432\u0435\u0442\u043d\u044b\u0439 \u0443\u0434\u0430\u0440", "action_flag": 1, "change_message": "new through import_export"}}, {"model": "admin.logentry", "pk": 34, "fields": {"action_time": "2022-07-08T11:14:29.181Z", "user": 1, "content_type": 8, "object_id": "11", "object_repr": "[Title 11][Category [Category 1] [Slug movie]-  \u0424\u0438\u043b\u044c\u043c]-  2002 \u0412\u043b\u0430\u0441\u0442\u0435\u043b\u0438\u043d \u043a\u043e\u043b\u0435\u0446: \u0414\u0432\u0435 \u043a\u0440\u0435\u043f\u043e\u0441\u0442\u0438", "action_flag": 1, "change_message": "new through import_export"}}, {"model": "admin.logentry", "pk": 35, "fields": {"action_time": "2022-07-08T11:14:29.183Z", "user": 1, "content_type": 8, "object_id": "12", "object_repr": "[Title 12][Category [Category 1] [Slug movie]-  \u0424\u0438\u043b\u044c\u043c]-  1999 \u041c\u0430\u0442\u0440\u0438\u0446\u0430", "action_flag": 1, "change_message": "new through import_export"}}, {"model": "admin.logentry", "pk": 36, "fields": {"action_time": "2022-07-08T11:14:29.186Z", "user": 1, "content_type": 8, "object_id": "13", "object_repr": "[Title 13][Category [Category 1] [Slug movie]-  \u0424\u0438\u043b\u044c\u043c]-  1975 \u041f\u0440\u043e\u043b\u0435\u0442\u0430\u044f \u043d\u0430\u0434 \u0433\u043d\u0435\u0437\u0434\u043e\u043c \u043a\u0443\u043a\u0443\u0448\u043a\u0438", "action_flag": 1, "change_message": "new through import_export"}}, {"model": "admin.logentry", "pk": 37, "fields": {"action_time": "2022-07-08T11:14:29.187Z", "user": 1, "content_type": 8, "object_id": "14", "object_repr": "[Title 14][Category [Category 1] [Slug movie]-  \u0424\u0438\u043b\u044c\u043c]-  1985 \u041d\u0430\u0437\u0430\u0434 \u0432 \u0431\u0443\u0434\u0443\u0449\u0435\u0435", "action_flag": 1, "change_message": "new through import_export"}}, {"model": "admin.logentry", "pk": 38, "fields": {"action_time": "2022-07-08T11:14:29.190Z", "user": 1, "content_type": 8, "object_id": "15", "object_repr": "[Title 15][Category [Category 1] [Slug movie]-  \u0424\u0438\u043b\u044c\u043c]-  1965 \u041e\u043f\u0435\u0440\u0430\u0446\u0438\u044f \u00ab\u042b\u00bb \u0438 \u0434\u0440\u0443\u0433\u0438\u0435 \u043f\u0440\u0438\u043a\u043b\u044e\u0447\u0435\u043d\u0438\u044f \u0428\u0443\u0440\u0438\u043a\u0430", "action_flag": 1, "change_message": "new through import_export"}}, {"model": "admin.logentry", "pk": 39, "fields": {"action_time": "2022-07-08T11:14:29.192Z", "user": 1, "content_type": 8, "object_id": "16", "object_repr": "[Title 16][Category [Category 1] [Slug movie]-  \u0424\u0438\u043b\u044c\u043c]-  1998 \u041a\u0430\u0440\u0442\u044b, \u0434\u0435\u043d\u044c\u0433\u0438, \u0434\u0432\u0430 \u0441\u0442\u0432\u043e\u043b\u0430", "action_flag": 1, "change_message": "new through import_export"}}, {"model": "admin.logentry", "pk": 40, "fields": {"action_time": "2022-07-08T11:14:29.194Z", "user": 1, "content_type": 8, "object_id": "17", "object_repr": "[Title 17][Category [Category 1] [Slug movie]-  \u0424\u0438\u043b\u044c\u043c]-  1971 \u0414\u0436\u0435\u043d\u0442\u043b\u044c\u043c\u0435\u043d\u044b \u0443\u0434\u0430\u0447\u0438 ", "action_flag": 1, "change_message": "new through import_export"}}, {"model": "admin.logentry", "pk": 41, "fields": {"action_time": "2022-07-08T11:14:29.196Z", "user": 1, "content_type": 8, "object_id": "18", "object_repr": "[Title 18][Category [Category 1] [Slug movie]-  \u0424\u0438\u043b\u044c\u043c]-  2012 \u0414\u0436\u0430\u043d\u0433\u043e \u043e\u0441\u0432\u043e\u0431\u043e\u0436\u0434\u0435\u043d\u043d\u044b\u0439", "action_flag": 1, "change_message": "new through import_export"}}, {"model": "admin.logentry", "pk": 42, "fields": {"action_time": "2022-07-08T11:14:29.198Z", "user": 1, "content_type": 8, "object_id": "19", "object_repr": "[Title 19][Category [Category 1] [Slug movie]-  \u0424\u0438\u043b\u044c\u043c]-  2011 Generation \u041f", "action_flag": 1, "change_message": "new through import_export"}}, {"model": "admin.logentry", "pk": 43, "fields": {"action_time": "2022-07-08T11:14:29.200Z", "user": 1, "content_type": 8, "object_id": "20", "object_repr": "[Title 20][Category [Category 2] [Slug book]-  \u041a\u043d\u0438\u0433\u0430]-  1873 \u041a\u043e\u043b\u043e\u0431\u043e\u043a", "action_flag": 1, "change_message": "new through import_export"}}, {"model": "admin.logentry", "pk": 44, "fields": {"action_time": "2022-07-08T11:14:29.202Z", "user": 1, "content_type": 8, "object_id": "21", "object_repr": "[Title 21][Category [Category 2] [Slug book]-  \u041a\u043d\u0438\u0433\u0430]-  1971 \u0421\u0442\u0440\u0430\u0445 \u0438 \u043d\u0435\u043d\u0430\u0432\u0438\u0441\u0442\u044c \u0432 \u041b\u0430\u0441-\u0412\u0435\u0433\u0430\u0441\u0435", "action_flag": 1, "change_message": "new through import_export"}}, {"model": "admin.logentry", "pk": 45, "fields": {"action_time": "2022-07-08T11:14:29.204Z", "user": 1, "content_type": 8, "object_id": "22", "object_repr": "[Title 22][Category [Category 2] [Slug book]-  \u041a\u043d\u0438\u0433\u0430]-  1865 \u0412\u043e\u0439\u043d\u0430 \u0438 \u043c\u0438\u0440", "action_flag": 1, "change_message": "new through import_export"}}, {"model": "admin.logentry", "pk": 46, "fields": {"action_time": "2022-07-08T11:14:29.205Z", "user": 1, "content_type": 8, "object_id": "23", "object_repr": "[Title 23][Category [Category 2] [Slug book]-  \u041a\u043d\u0438\u0433\u0430]-  1918 \u0423\u043b\u0438\u0441\u0441", "action_flag": 1, "change_message": "new through import_export"}}, {"model": "admin.logentry", "pk": 47, "fields": {"action_time": "2022-07-08T11:14:29.207Z", "user": 1, "content_type": 8, "object_id": "24", "object_repr": "[Title 24][Category [Category 2] [Slug book]-  \u041a\u043d\u0438\u0433\u0430]-  1999 Generation \u041f", "action_flag": 1, "change_message": "new through import_export"}}, {"model": "admin.logentry", "pk": 48, "fields": {"action_time": "2022-07-08T11:14:29.209Z", "user": 1, "content_type": 8, "object_id": "25", "object_repr": "[Title 25][Category [Category 2] [Slug book]-  \u041a\u043d\u0438\u0433\u0430]-  1926 \u0412\u0438\u043d\u043d\u0438 \u041f\u0443\u0445 \u0438 \u0432\u0441\u0435-\u0432\u0441\u0435-\u0432\u0441\u0435", "action_flag": 1, "change_message": "new through import_export"}}, {"model": "admin.logentry", "pk": 49, "fields": {"action_time": "2022-07-08T11:14:29.212Z", "user": 1, "content_type": 8, "object_id": "26", "object_repr": "[Title 26][Category [Category 3] [Slug music]-  \u041c\u0443\u0437\u044b\u043a\u0430]-  2004 \u0421\u0442\u0430\u0441 \u041c\u0438\u0445\u0430\u0439\u043b\u043e\u0432 - \u041f\u043e\u0437\u044b\u0432\u043d\u044b\u0435 \u043d\u0430 \u043b\u044e\u0431\u043e\u0432\u044c", "action_flag": 1, "change_message": "new through import_export"}}, {"model": "admin.logentry", "pk": 50, "fields": {"action_time": "2022-07-08T11:14:29.214Z", "user": 1, "content_type": 8, "object_id": "27", "object_repr": "[Title 27][Category [Category 3] [Slug music]-  \u041c\u0443\u0437\u044b\u043a\u0430]-  1971 Led Zeppelin \u2014 Stairway to Heaven", "action_flag": 1, "change_message": "new through import_export"}}, {"model": "admin.logentry", "pk": 51, "fields": {"action_time": "2022-07-08T11:14:29.215Z", "user": 1, "content_type": 8, "object_id": "28", "object_repr": "[Title 28][Category [Category 3] [Slug music]-  \u041c\u0443\u0437\u044b\u043a\u0430]-  1971 Jethro Tull - Aqualung", "action_flag": 1, "change_message": "new through import_export"}}, {"model": "admin.logentry", "pk": 52, "fields": {"action_time": "2022-07-08T11:14:29.218Z", "user": 1, "content_type": 8, "object_id": "29", "object_repr": "[Title 29][Category [Category 3] [Slug music]-  \u041c\u0443\u0437\u044b\u043a\u0430]-  1955 Elvis Presley - Blue Suede Shoes", "action_flag": 1, "change_message": "new through import_export"}}, {"model": "admin.logentry", "pk": 53, "fields": {"action_time": "2022-07-08T11:14:29.220Z", "user": 1, "content_type": 8, "object_id": "30", "object_repr": "[Title 30][Category [Category 3] [Slug music]-  \u041c\u0443\u0437\u044b\u043a\u0430]-  1971 Deep Purple \u2014 Smoke on the Water", "action_flag": 1, "change_message": "new through import_export"}}, {"model": "admin.logentry", "pk": 54, "fields": {"action_time": "2022-07-08T11:14:29.222Z", "user": 1, "content_type": 8, "object_id": "31", "object_repr": "[Title 31][Category [Category 3] [Slug music]-  \u041c\u0443\u0437\u044b\u043a\u0430]-  1784 \u041c\u043e\u0446\u0430\u0440\u0442 - \u0422\u0443\u0440\u0435\u0446\u043a\u0438\u0439 \u043c\u0430\u0440\u0448", "action_flag": 1, "change_message": "new through import_export"}}, {"model": "admin.logentry", "pk": 55, "fields": {"action_time": "2022-07-08T11:14:29.224Z", "user": 1, "content_type": 8, "object_id": "32", "object_repr": "[Title 32][Category [Category 3] [Slug music]-  \u041c\u0443\u0437\u044b\u043a\u0430]-  1739 \u0411\u0430\u0445. \u041e\u0440\u043a\u0435\u0441\u0442\u0440\u043e\u0432\u0430\u044f \u0421\u044e\u0438\u0442\u0430 \u21162 \u0441\u0438 \u043c\u0438\u043d\u043e\u0440", "action_flag": 1, "change_message": "new through import_export"}}, {"model": "admin.logentry", "pk": 56, "fields": {"action_time": "2022-07-08T11:14:42.250Z", "user": 1, "content_type": 7, "object_id": "1", "object_repr": "GenreTitle object (1)", "action_flag": 1, "change_message": "new through import_export"}}, {"model": "admin.logentry", "pk": 57, "fields": {"action_time": "2022-07-08T11:14:42.253Z", "user": 1, "content_type": 7, "object_id": "2", "object_repr": "GenreTitle object (2)", "action_flag": 1, "change_message": "new through import_export"}}, {"model": "admin.logentry", "pk": 58, "fields": {"action_time": "2022-07-08T11:14:42.254Z", "user": 1, "content_type": 7, "object_id": "3", "object_repr": "GenreTitle object (3)", "action_flag": 1, "change_message": "new through import_export"}}, {"model": "admin.logentry", "pk": 59, "fields": {"action_time": "2022-07-08T11:14:42.256Z", "user": 1, "content_type": 7, "object_id": "4", "object_repr": "GenreTitle object (4)", "action_flag": 1, "change_message": "new through import_export"}}, {"model": "admin.logentry", "pk": 60, "fields": {"action_time": "2022-07-08T11:14:42.259Z", "user": 1, "content_type": 7, "object_id": "5", "object_repr": "GenreTitle object (5)", "action_flag": 1, "change_message": "new through import_export"}}, {"model": "admin.logentry", "pk": 61, "fields": {"action_time": "2022-07-08T11:14:42.261Z", "user": 1, "content_type": 7, "object_id": "6", "object_repr": "GenreTitle object (6)", "action_flag": 1, "change_message": "new through import_export"}}, {"model": "admin.logentry", "pk": 62, "fields": {"action_time": "2022-07-08T11:14:42.264Z", "user": 1, "content_type": 7, "object_id": "7", "object_repr": "GenreTitle object (7)", "action_flag": 1, "change_message": "new through import_export"}}, {"model": "admin.logentry", "pk": 63, "fields": {"action_time": "2022-07-08T11:14:42.266Z", "user": 1, "content_type": 7, "object_id": "8", "object_repr": "GenreTitle object (8)", "action_flag": 1, "change_message": "new through import_export"}}, {"model": "admin.logentry", "pk": 64, "fields": {"action_time": "2022-07-08T11:14:42.268Z", "user": 1, "content_type": 7, "object_id": "9", "object_repr": "GenreTitle object (9)", "action_flag": 1, "change_message": "new through import_export"}}, {"model": "admin.logentry", "pk": 65, "fields": {"action_time": "2022-07-08T11:14:42.270Z", "user": 1, "content_type": 7, "object_id": "10", "object_repr": "GenreTitle object (10)", "action_flag": 1, "change_message": "new through import_export"}}, {"model": "admin.logentry", "pk": 66, "fields": {"action_time": "2022-07-08T11:14:42.272Z", "user": 1, "content_type": 7, "object_id": "11", "object_repr": "GenreTitle object (11)", "action_flag": 1, "change_message": "new through import_export"}}, {"model": "admin.logentry", "pk": 67, "fields": {"action_time": "2022-07-08T11:14:42.274Z", "user": 1, "content_type": 7, "object_id": "12", "object_repr": "GenreTitle object (12)", "action_flag": 1, "change_message": "new through import_export"}}, {"model": "admin.logentry", "pk": 68, "fields": {"action_time": "2022-07-08T11:14:42.276Z", "user": 1, "content_type": 7, "object_id": "13", "object_repr": "GenreTitle object (13)", "action_flag": 1, "change_message": "new through import_export"}}, {"model": "admin.logentry", "pk": 69, "fields": {"action_time": "2022-07-08T11:14:42.279Z", "user": 1, "content_type": 7, "object_id": "14", "object_repr": "GenreTitle object (14)", "action_flag": 1, "change_message": "new through import_export"}}, {"model": "admin.logentry", "pk": 70, "fields": {"action_time": "2022-07-08T11:14:42.281Z", "user": 1, "content_type": 7, "object_id": "15", "object_repr": "GenreTitle object (15)", "action_flag": 1, "change_message": "new through import_export"}}, {"model": "admin.logentry", "pk": 71, "fields": {"action_time": "2022-07-08T11:14:42.283Z", "user": 1, "content_type": 7, "object_id": "16", "object_repr": "GenreTitle object (16)", "action_flag": 1, "change_message": "new through import_export"}}, {"model": "admin.logentry", "pk": 72, "fields": {"action_time": "2022-07-08T11:14:42.285Z", "user": 1, "content_type": 7, "object_id": "17", "object_repr": "GenreTitle object (17)", "action_flag": 1, "change_message": "new through import_export"}}, {"model": "admin.logentry", "pk": 73, "fields": {"action_time": "2022-07-08T11:14:42.286Z", "user": 1, "content_type": 7, "object_id": "18", "object_repr": "GenreTitle object (18)", "action_flag": 1, "change_message": "new through import_export"}}, {"model": "admin.logentry", "pk": 74, "fields": {"action_time": "2022-07-08T11:14:42.288Z", "user": 1, "content_type": 7, "object_id": "19", "object_repr": "GenreTitle object (19)", "action_flag": 1, "change_message": "new through import_export"}}, {"model": "admin.logentry", "pk": 75, "fields": {"action_time": "2022-07-08T11:14:42.290Z", "user": 1, "content_type": 7, "object_id": "20", "object_repr": "GenreTitle object (20)", "action_flag": 1, "change_message": "new through import_export"}}, {"model": "admin.logentry", "pk": 76, "fields": {"action_time": "2022-07-08T11:14:42.293Z", "user": 1, "content_type": 7, "object_id": "21", "object_repr": "GenreTitle object (21)", "action_flag": 1, "change_message": "new through import_export"}}, {"model": "admin.logentry", "pk": 77, "fields": {"action_time": "2022-07-08T11:14:42.295Z", "user": 1, "content_type": 7, "object_id": "22", "object_repr": "GenreTitle object (22)", "action_flag": 1, "change_message": "new through import_export"}}, {"model": "admin.logentry", "pk": 78, "fields": {"action_time": "2022-07-08T11:14:42.298Z", "user": 1, "content_type": 7, "object_id": "23", "object_repr": "GenreTitle object (23)", "action_flag": 1, "change_message": "new through import_export"}}, {"model": "admin.logentry", "pk": 79, "fields": {"action_time": "2022-07-08T11:14:42.300Z", "user": 1, "content_type": 7, "object_id": "24", "object_repr": "GenreTitle object (24)", "action_flag": 1, "change_message": "new through import_export"}}, {"model": "admin.logentry", "pk": 80, "fields": {"action_time": "2022-07-08T11:14:42.301Z", "user": 1, "content_type": 7, "object_id": "25", "object_repr": "GenreTitle object (25)", "action_flag": 1, "change_message": "new through import_export"}}, {"model": "admin.logentry", "pk": 81, "fields": {"action_time": "2022-07-08T11:14:42.303Z", "user": 1, "content_type": 7, "object_id": "26", "object_repr": "GenreTitle object (26)", "action_flag": 1, "change_message": "new through import_export"}}, {"model": "admin.logentry", "pk": 82, "fields": {"action_time": "2022-07-08T11:14:42.305Z", "user": 1, "content_type": 7, "object_id": "27", "object_repr": "GenreTitle object (27)", "action_flag": 1, "change_message": "new through import_export"}}, {"model": "admin.logentry", "pk": 83, "fields": {"action_time": "2022-07-08T11:14:42.307Z", "user": 1, "content_type": 7, "object_id": "28", "object_repr": "GenreTitle object (28)", "action_flag": 1, "change_message": "new through import_export"}}, {"model": "admin.logentry", "pk": 84, "fields": {"action_time": "2022-07-08T11:14:42.309Z", "user": 1, "content_type": 7, "object_id": "29", "object_repr": "GenreTitle object (29)", "action_flag": 1, "change_message": "new through import_export"}}, {"model": "admin.logentry", "pk": 85, "fields": {"action_time": "2022-07-08T11:14:42.312Z", "user": 1, "content_type": 7, "object_id": "30", "object_repr": "GenreTitle object (30)", "action_flag": 1, "change_message": "new through import_export"}}, {"model": "admin.logentry", "pk": 86, "fields": {"action_time": "2022-07-08T11:14:42.314Z", "user": 1, "content_type": 7, "object_id": "31", "object_repr": "GenreTitle object (31)", "action_flag": 1, "change_message": "new through import_export"}}, {"model": "admin.logentry", "pk": 87, "fields": {"action_time": "2022-07-08T11:14:42.317Z", "user": 1, "content_type": 7, "object_id": "32", "object_repr": "GenreTitle object (32)", "action_flag": 1, "change_message": "new through import_export"}}, {"model": "admin.logentry", "pk": 88, "fields": {"action_time": "2022-07-08T11:14:42.319Z", "user": 1, "content_type": 7, "object_id": "33", "object_repr": "GenreTitle object (33)", "action_flag": 1, "change_message": "new through import_export"}}, {"model": "admin.logentry", "pk": 89, "fields": {"action_time": "2022-07-08T11:14:42.320Z", "user": 1, "content_type": 7, "object_id": "34", "object_repr": "GenreTitle object (34)", "action_flag": 1, "change_message": "new through import_export"}}, {"model": "admin.logentry", "pk": 90, "fields": {"action_time": "2022-07-08T11:14:42.322Z", "user": 1, "content_type": 7, "object_id": "35", "object_repr": "GenreTitle object (35)", "action_flag": 1, "change_message": "new through import_export"}}, {"model": "admin.logentry", "pk": 91, "fields": {"action_time": "2022-07-08T11:14:42.324Z", "user": 1, "content_type": 7, "object_id": "36", "object_repr": "GenreTitle object (36)", "action_flag": 1, "change_message": "new through import_export"}}, {"model": "admin.logentry", "pk": 92, "fields": {"action_time": "2022-07-08T11:14:42.326Z", "user": 1, "content_type": 7, "object_id": "37", "object_repr": "GenreTitle object (37)", "action_flag": 1, "change_message": "new through import_export"}}, {"model": "admin.logentry", "pk": 93, "fields": {"action_time": "2022-07-08T11:14:42.329Z", "user": 1, "content_type": 7, "object_id": "38", "object_repr": "GenreTitle object (38)", "action_flag": 1, "change_message": "new through import_export"}}, {"model": "admin.logentry", "pk": 94, "fields": {"action_time": "2022-07-08T11:14:42.332Z", "user": 1, "content_type": 7, "object_id": "39", "object_repr": "GenreTitle object (39)", "action_flag": 1, "change_message": "new through import_export"}}, {"model": "admin.logentry", "pk": 95, "fields": {"action_time": "2022-07-08T11:14:42.334Z", "user": 1, "content_type": 7, "object_id": "40", "object_repr": "GenreTitle object (40)", "action_flag": 1, "change_message": "new through import_export"}}, {"model": "admin.logentry", "pk": 96, "fields": {"action_time": "2022-07-08T11:14:42.337Z", "user": 1, "content_type": 7, "object_id": "41", "object_repr": "GenreTitle object (41)", "action_flag": 1, "change_message": "new through import_export"}}, {"model": "admin.logentry", "pk": 97, "fields": {"action_time": "2022-07-08T11:14:42.339Z", "user": 1, "content_type": 7, "object_id": "42", "object_repr": "GenreTitle object (42)", "action_flag": 1, "change_message": "new through import_export"}}, {"model": "admin.logentry", "pk": 98, "fields": {"action_time": "2022-07-08T11:39:00.113Z", "user": 1, "content_type": 9, "object_id": "1", "object_repr": "[Review 1] [Title 1]-  2022-07-08 11:38:59.614418+00:00 [User 100]-   bingobongo@yamdb.fake \u0421\u0442\u0430\u0432\u043b\u044e \u0434\u0435\u0441\u044f\u0442\u044c \u0437 10", "action_flag": 1, "change_message": "new through import_export"}}, {"model": "admin.logentry", "pk": 99, "fields": {"action_time": "2022-07-08T11:39:00.117Z", "user": 1, "content_type": 9, "object_id": "2", "object_repr": "[Review 2] [Title 1]-  2022-07-08 11:38:59.620942+00:00 [User 101]-   capt_obvious@yamdb.fake \u041d\u0435 \u043f\u0440\u0438\u0432\u044b\u043a\u0430\u0439\n\u00ab\u042d\u0442 10", "action_flag": 1, "change_message": "new through import_export"}}, {"model": "admin.logentry", "pk": 100, "fields": {"action_time": "2022-07-08T11:39:00.119Z", "user": 1, "content_type": 9, "object_id": "3", "object_repr": "[Review 3] [Title 2]-  2022-07-08 11:38:59.632042+00:00 [User 102]-   faust@yamdb.fake \u0424\u0438\u043b\u044c\u043c, \u0440\u0430\u0437\u043e\u0431\u0440\u0430\u043d 10", "action_flag": 1, "change_message": "new through import_export"}}, {"model": "admin.logentry", "pk": 101, "fields": {"action_time": "2022-07-08T11:39:00.122Z", "user": 1, "content_type": 9, "object_id": "4", "object_repr": "[Review 4] [Title 2]-  2022-07-08 11:38:59.640909+00:00 [User 103]-   reviewer@yamdb.fake \u0416\u0435\u0441\u0442\u043e\u043a\u0438\u0439, \u0436\u0435\u0441\u0442\u043e 1", "action_flag": 1, "change_message": "new through import_export"}}, {"model": "admin.logentry", "pk": 102, "fields": {"action_time": "2022-07-08T11:39:00.124Z", "user": 1, "content_type": 9, "object_id": "5", "object_repr": "[Review 5] [Title 2]-  2022-07-08 11:38:59.652455+00:00 [User 104]-   angry@yamdb.fake \u042d\u0442\u043e \u043c\u043e\u0438 \u0441\u043e\u0441\u0435\u0434\u0438! 3", "action_flag": 1, "change_message": "new through import_export"}}, {"model": "admin.logentry", "pk": 103, "fields": {"action_time": "2022-07-08T11:39:00.126Z", "user": 1, "content_type": 9, "object_id": "16", "object_repr": "[Review 16] [Title 3]-  2022-07-08 11:38:59.663674+00:00 [User 100]-   bingobongo@yamdb.fake \u0421\u0445\u043e\u0434\u0438\u043b\u0430 \u0432 \u043a\u0438\u043d\u043e, 7", "action_flag": 1, "change_message": "new through import_export"}}, {"model": "admin.logentry", "pk": 104, "fields": {"action_time": "2022-07-08T11:39:00.128Z", "user": 1, "content_type": 9, "object_id": "17", "object_repr": "[Review 17] [Title 3]-  2022-07-08 11:38:59.671962+00:00 [User 101]-   capt_obvious@yamdb.fake \u0421\u043c\u043e\u0442\u0440\u0435\u043b, \u043d\u0435 \u043e\u0442\u0440 8", "action_flag": 1, "change_message": "new through import_export"}}, {"model": "admin.logentry", "pk": 105, "fields": {"action_time": "2022-07-08T11:39:00.130Z", "user": 1, "content_type": 9, "object_id": "18", "object_repr": "[Review 18] [Title 4]-  2022-07-08 11:38:59.680545+00:00 [User 102]-   faust@yamdb.fake \u0421\u043a\u0430\u0447\u0430\u043b, \u043f\u043e\u0441\u043c\u043e\u0442\u0440 8", "action_flag": 1, "change_message": "new through import_export"}}, {"model": "admin.logentry", "pk": 106, "fields": {"action_time": "2022-07-08T11:39:00.132Z", "user": 1, "content_type": 9, "object_id": "19", "object_repr": "[Review 19] [Title 4]-  2022-07-08 11:38:59.687319+00:00 [User 103]-   reviewer@yamdb.fake \u041f\u043e\u0441\u043c\u043e\u0442\u0440\u0435\u043b. \u041f\u043e \u043c 10", "action_flag": 1, "change_message": "new through import_export"}}, {"model": "admin.logentry", "pk": 107, "fields": {"action_time": "2022-07-08T11:39:00.133Z", "user": 1, "content_type": 9, "object_id": "6", "object_repr": "[Review 6] [Title 5]-  2022-07-08 11:38:59.695729+00:00 [User 100]-   bingobongo@yamdb.fake \u0412\u0441\u0451, \u043a\u0430\u043a \u0432 \u0440\u0430\u0437\u043d 8", "action_flag": 1, "change_message": "new through import_export"}}, {"model": "admin.logentry", "pk": 108, "fields": {"action_time": "2022-07-08T11:39:00.135Z", "user": 1, "content_type": 9, "object_id": "7", "object_repr": "[Review 7] [Title 5]-  2022-07-08 11:38:59.701929+00:00 [User 101]-   capt_obvious@yamdb.fake \u041d\u0438\u0447\u0435\u0433\u043e \u043d\u0435 \u043f\u043e\u043d\u044f\u0442 1", "action_flag": 1, "change_message": "new through import_export"}}, {"model": "admin.logentry", "pk": 109, "fields": {"action_time": "2022-07-08T11:39:00.137Z", "user": 1, "content_type": 9, "object_id": "8", "object_repr": "[Review 8] [Title 5]-  2022-07-08 11:38:59.709936+00:00 [User 102]-   faust@yamdb.fake \u041e\u0447\u0435\u043d\u044c \u043f\u043e\u0443\u0447\u0438\u0442\u0435\u043b\u044c 8", "action_flag": 1, "change_message": "new through import_export"}}, {"model": "admin.logentry", "pk": 110, "fields": {"action_time": "2022-07-08T11:39:00.139Z", "user": 1, "content_type": 9, "object_id": "9", "object_repr": "[Review 9] [Title 6]-  2022-07-08 11:38:59.715998+00:00 [User 103]-   reviewer@yamdb.fake \u041f\u043e\u0441\u043c\u043e\u0442\u0440\u0435\u043b \u0444\u0438\u043b\u044c\u043c 9", "action_flag": 1, "change_message": "new through import_export"}}, {"model": "admin.logentry", "pk": 111, "fields": {"action_time": "2022-07-08T11:39:00.142Z", "user": 1, "content_type": 9, "object_id": "10", "object_repr": "[Review 10] [Title 6]-  2022-07-08 11:38:59.722564+00:00 [User 104]-   angry@yamdb.fake \u0412\u0435\u0447\u043d\u0430\u044f \u043f\u0440\u043e\u0431\u043b\u0435\u043c\u0430 10", "action_flag": 1, "change_message": "new through import_export"}}, {"model": "admin.logentry", "pk": 112, "fields": {"action_time": "2022-07-08T11:39:00.144Z", "user": 1, "content_type": 9, "object_id": "21", "object_repr": "[Review 21] [Title 7]-  2022-07-08 11:38:59.729930+00:00 [User 100]-   bingobongo@yamdb.fake \u0421\u043a\u0430\u0447\u0430\u043b, \u043f\u043e\u0441\u043c\u043e\u0442\u0440 4", "action_flag": 1, "change_message": "new through import_export"}}, {"model": "admin.logentry", "pk": 113, "fields": {"action_time": "2022-07-08T11:39:00.146Z", "user": 1, "content_type": 9, "object_id": "20", "object_repr": "[Review 20] [Title 7]-  2022-07-08 11:38:59.735684+00:00 [User 104]-   angry@yamdb.fake \u0421\u043a\u0430\u0436\u0443 \u0442\u0435\u043c, \u043a\u0442\u043e  5", "action_flag": 1, "change_message": "new through import_export"}}, {"model": "admin.logentry", "pk": 114, "fields": {"action_time": "2022-07-08T11:39:00.149Z", "user": 1, "content_type": 9, "object_id": "22", "object_repr": "[Review 22] [Title 8]-  2022-07-08 11:38:59.742957+00:00 [User 101]-   capt_obvious@yamdb.fake \u041c\u043d\u0435 \u043a\u0430\u0436\u0435\u0442\u0441\u044f, \u0447\u0442 2", "action_flag": 1, "change_message": "new through import_export"}}, {"model": "admin.logentry", "pk": 115, "fields": {"action_time": "2022-07-08T11:39:00.151Z", "user": 1, "content_type": 9, "object_id": "23", "object_repr": "[Review 23] [Title 8]-  2022-07-08 11:38:59.748771+00:00 [User 102]-   faust@yamdb.fake \u041f\u043e\u0441\u043c\u043e\u0442\u0440\u0435\u043b\u0430. \u0410\u043a\u0442 2", "action_flag": 1, "change_message": "new through import_export"}}, {"model": "admin.logentry", "pk": 116, "fields": {"action_time": "2022-07-08T11:39:00.153Z", "user": 1, "content_type": 9, "object_id": "26", "object_repr": "[Review 26] [Title 9]-  2022-07-08 11:38:59.754139+00:00 [User 100]-   bingobongo@yamdb.fake \u0414\u043b\u044f \u043b\u044e\u0434\u0435\u0439, \u043a\u043e\u0442\u043e 10", "action_flag": 1, "change_message": "new through import_export"}}, {"model": "admin.logentry", "pk": 117, "fields": {"action_time": "2022-07-08T11:39:00.155Z", "user": 1, "content_type": 9, "object_id": "24", "object_repr": "[Review 24] [Title 9]-  2022-07-08 11:38:59.761483+00:00 [User 103]-   reviewer@yamdb.fake \u0412\u0441\u0435 \u043e\u0447\u0435\u043d\u044c \u0434\u043e\u043b\u0433\u043e 10", "action_flag": 1, "change_message": "new through import_export"}}, {"model": "admin.logentry", "pk": 118, "fields": {"action_time": "2022-07-08T11:39:00.158Z", "user": 1, "content_type": 9, "object_id": "25", "object_repr": "[Review 25] [Title 9]-  2022-07-08 11:38:59.767626+00:00 [User 104]-   angry@yamdb.fake \u041e\u0442\u0441\u0442\u043e\u0439-\u0444\u0438\u043b\u044c\u043c. \u041d 1", "action_flag": 1, "change_message": "new through import_export"}}, {"model": "admin.logentry", "pk": 119, "fields": {"action_time": "2022-07-08T11:39:00.160Z", "user": 1, "content_type": 9, "object_id": "27", "object_repr": "[Review 27] [Title 10]-  2022-07-08 11:38:59.773585+00:00 [User 101]-   capt_obvious@yamdb.fake \u041f\u0435\u0440\u0432\u044b\u0439 \u0440\u0430\u0437 \u0432 \u0436\u0438 2", "action_flag": 1, "change_message": "new through import_export"}}, {"model": "admin.logentry", "pk": 120, "fields": {"action_time": "2022-07-08T11:39:00.163Z", "user": 1, "content_type": 9, "object_id": "28", "object_repr": "[Review 28] [Title 10]-  2022-07-08 11:38:59.780412+00:00 [User 102]-   faust@yamdb.fake 2 \u0447\u0430\u0441\u0430 \u0441\u043c\u043e\u0442\u0440\u044f\u0442\u0441 10", "action_flag": 1, "change_message": "new through import_export"}}, {"model": "admin.logentry", "pk": 121, "fields": {"action_time": "2022-07-08T11:39:00.165Z", "user": 1, "content_type": 9, "object_id": "31", "object_repr": "[Review 31] [Title 11]-  2022-07-08 11:38:59.786325+00:00 [User 100]-   bingobongo@yamdb.fake \u0422\u0443\u043f\u0435\u0435 \u043d\u0435 \u0432\u0438\u0434\u0435\u043b, 1", "action_flag": 1, "change_message": "new through import_export"}}, {"model": "admin.logentry", "pk": 122, "fields": {"action_time": "2022-07-08T11:39:00.167Z", "user": 1, "content_type": 9, "object_id": "29", "object_repr": "[Review 29] [Title 11]-  2022-07-08 11:38:59.793069+00:00 [User 103]-   reviewer@yamdb.fake \u0414\u0435\u0439\u0441\u0442\u0432\u0438\u044f \u043f\u0435\u0440\u0441\u043e\u043d 1", "action_flag": 1, "change_message": "new through import_export"}}, {"model": "admin.logentry", "pk": 123, "fields": {"action_time": "2022-07-08T11:39:00.169Z", "user": 1, "content_type": 9, "object_id": "30", "object_repr": "[Review 30] [Title 11]-  2022-07-08 11:38:59.799720+00:00 [User 104]-   angry@yamdb.fake \u041b\u0443\u0447\u0448\u0438\u0439 \u0444\u0438\u043b\u044c\u043c, \u043e 10", "action_flag": 1, "change_message": "new through import_export"}}, {"model": "admin.logentry", "pk": 124, "fields": {"action_time": "2022-07-08T11:39:00.172Z", "user": 1, "content_type": 9, "object_id": "32", "object_repr": "[Review 32] [Title 12]-  2022-07-08 11:38:59.806299+00:00 [User 101]-   capt_obvious@yamdb.fake \u0424\u0438\u043b\u044c\u043c \u0438\u043d\u0442\u0435\u0440\u0435\u0441\u043d\u044b 8", "action_flag": 1, "change_message": "new through import_export"}}, {"model": "admin.logentry", "pk": 125, "fields": {"action_time": "2022-07-08T11:39:00.175Z", "user": 1, "content_type": 9, "object_id": "33", "object_repr": "[Review 33] [Title 12]-  2022-07-08 11:38:59.812996+00:00 [User 102]-   faust@yamdb.fake \u0421\u0430\u043c\u0430\u044f \u0441\u0438\u043b\u044c\u043d\u0430\u044f \u043a 10", "action_flag": 1, "change_message": "new through import_export"}}, {"model": "admin.logentry", "pk": 126, "fields": {"action_time": "2022-07-08T11:39:00.177Z", "user": 1, "content_type": 9, "object_id": "34", "object_repr": "[Review 34] [Title 12]-  2022-07-08 11:38:59.818871+00:00 [User 103]-   reviewer@yamdb.fake \u0421 \u043e\u0433\u0440\u043e\u043c\u043d\u044b\u043c \u0443\u0434\u043e\u0432 9", "action_flag": 1, "change_message": "new through import_export"}}, {"model": "admin.logentry", "pk": 127, "fields": {"action_time": "2022-07-08T11:39:00.179Z", "user": 1, "content_type": 9, "object_id": "36", "object_repr": "[Review 36] [Title 13]-  2022-07-08 11:38:59.825802+00:00 [User 100]-   bingobongo@yamdb.fake \u0425\u043e\u0442\u0435\u043b\u043e\u0441\u044c \u0443\u0439\u0442\u0438 \u0443 2", "action_flag": 1, "change_message": "new through import_export"}}, {"model": "admin.logentry", "pk": 128, "fields": {"action_time": "2022-07-08T11:39:00.182Z", "user": 1, "content_type": 9, "object_id": "37", "object_repr": "[Review 37] [Title 13]-  2022-07-08 11:38:59.831729+00:00 [User 101]-   capt_obvious@yamdb.fake \u0424\u0438\u043b\u044c\u043c \u0441\u0442\u043e\u0438\u0442 \u0443\u0432\u0438 8", "action_flag": 1, "change_message": "new through import_export"}}, {"model": "admin.logentry", "pk": 129, "fields": {"action_time": "2022-07-08T11:39:00.184Z", "user": 1, "content_type": 9, "object_id": "35", "object_repr": "[Review 35] [Title 13]-  2022-07-08 11:38:59.837641+00:00 [User 104]-   angry@yamdb.fake \u0427\u0442\u043e \u0441\u043a\u0430\u0437\u0430\u0442\u044c \u043f\u043e\u0441 1", "action_flag": 1, "change_message": "new through import_export"}}, {"model": "admin.logentry", "pk": 130, "fields": {"action_time": "2022-07-08T11:39:00.187Z", "user": 1, "content_type": 9, "object_id": "12", "object_repr": "[Review 12] [Title 14]-  2022-07-08 11:38:59.845602+00:00 [User 101]-   capt_obvious@yamdb.fake \u041d\u0435\u0434\u0430\u0432\u043d\u043e \u0438\u043c\u0435\u043d\u043d\u043e  8", "action_flag": 1, "change_message": "new through import_export"}}, {"model": "admin.logentry", "pk": 131, "fields": {"action_time": "2022-07-08T11:39:00.190Z", "user": 1, "content_type": 9, "object_id": "13", "object_repr": "[Review 13] [Title 14]-  2022-07-08 11:38:59.851351+00:00 [User 102]-   faust@yamdb.fake \u0412\u0435\u043b\u0438\u043a\u0438\u0439 \u0444\u0438\u043b\u044c\u043c,  7", "action_flag": 1, "change_message": "new through import_export"}}, {"model": "admin.logentry", "pk": 132, "fields": {"action_time": "2022-07-08T11:39:00.192Z", "user": 1, "content_type": 9, "object_id": "14", "object_repr": "[Review 14] [Title 14]-  2022-07-08 11:38:59.856945+00:00 [User 103]-   reviewer@yamdb.fake \u0411\u0443\u0434\u0443\u0449\u0435\u0435 \u0432\u044b\u0433\u043b\u044f\u0434\u0438 4", "action_flag": 1, "change_message": "new through import_export"}}, {"model": "admin.logentry", "pk": 133, "fields": {"action_time": "2022-07-08T11:39:00.194Z", "user": 1, "content_type": 9, "object_id": "38", "object_repr": "[Review 38] [Title 15]-  2022-07-08 11:38:59.863280+00:00 [User 102]-   faust@yamdb.fake \u041c\u0443\u0442\u043e\u0440\u043d\u043e \u0438 \u0442\u044f\u0436\u0435\u043b 2", "action_flag": 1, "change_message": "new through import_export"}}, {"model": "admin.logentry", "pk": 134, "fields": {"action_time": "2022-07-08T11:39:00.197Z", "user": 1, "content_type": 9, "object_id": "39", "object_repr": "[Review 39] [Title 15]-  2022-07-08 11:38:59.868333+00:00 [User 103]-   reviewer@yamdb.fake \u0424\u0438\u043b\u044c\u043c \u043d\u0435 \u043e\u043f\u0440\u0430\u0432\u0434 3", "action_flag": 1, "change_message": "new through import_export"}}, {"model": "admin.logentry", "pk": 135, "fields": {"action_time": "2022-07-08T11:39:00.200Z", "user": 1, "content_type": 9, "object_id": "40", "object_repr": "[Review 40] [Title 15]-  2022-07-08 11:38:59.875075+00:00 [User 104]-   angry@yamdb.fake \u041c\u043d\u0435 \u0444\u0438\u043b\u044c\u043c \u043f\u043e\u043d\u0440\u0430 9", "action_flag": 1, "change_message": "new through import_export"}}, {"model": "admin.logentry", "pk": 136, "fields": {"action_time": "2022-07-08T11:39:00.203Z", "user": 1, "content_type": 9, "object_id": "41", "object_repr": "[Review 41] [Title 16]-  2022-07-08 11:38:59.882299+00:00 [User 100]-   bingobongo@yamdb.fake \u0417\u0440\u044f \u043f\u043e\u0442\u0435\u0440\u044f\u043d\u043d\u043e\u0435  1", "action_flag": 1, "change_message": "new through import_export"}}, {"model": "admin.logentry", "pk": 137, "fields": {"action_time": "2022-07-08T11:39:00.205Z", "user": 1, "content_type": 9, "object_id": "42", "object_repr": "[Review 42] [Title 16]-  2022-07-08 11:38:59.889750+00:00 [User 101]-   capt_obvious@yamdb.fake \u041f\u043e\u0441\u043b\u0435 \u043f\u0440\u043e\u0441\u043c\u043e\u0442\u0440\u0430 2", "action_flag": 1, "change_message": "new through import_export"}}, {"model": "admin.logentry", "pk": 138, "fields": {"action_time": "2022-07-08T11:39:00.208Z", "user": 1, "content_type": 9, "object_id": "43", "object_repr": "[Review 43] [Title 16]-  2022-07-08 11:38:59.897647+00:00 [User 102]-   faust@yamdb.fake \u0424\u0438\u043b\u044c\u043c \u043c\u043e\u0449\u043d\u044b\u0439. \u0413 10", "action_flag": 1, "change_message": "new through import_export"}}, {"model": "admin.logentry", "pk": 139, "fields": {"action_time": "2022-07-08T11:39:00.210Z", "user": 1, "content_type": 9, "object_id": "44", "object_repr": "[Review 44] [Title 17]-  2022-07-08 11:38:59.902882+00:00 [User 103]-   reviewer@yamdb.fake \u0415\u0441\u043b\u0438 \u0442\u0430\u043a\u043e\u0439 \u0436\u0430\u043d\u0440 10", "action_flag": 1, "change_message": "new through import_export"}}, {"model": "admin.logentry", "pk": 140, "fields": {"action_time": "2022-07-08T11:39:00.213Z", "user": 1, "content_type": 9, "object_id": "15", "object_repr": "[Review 15] [Title 17]-  2022-07-08 11:38:59.908067+00:00 [User 104]-   angry@yamdb.fake \u041d\u0435\u0443\u0436\u0435\u043b\u0438 \u0438\u0437 \u0442\u044e\u0440\u044c 5", "action_flag": 1, "change_message": "new through import_export"}}, {"model": "admin.logentry", "pk": 141, "fields": {"action_time": "2022-07-08T11:39:00.215Z", "user": 1, "content_type": 9, "object_id": "46", "object_repr": "[Review 46] [Title 18]-  2022-07-08 11:38:59.915500+00:00 [User 100]-   bingobongo@yamdb.fake \u0420\u0430\u0437\u043e\u0447\u0430\u0440\u043e\u0432\u0430\u043d\u0438\u043d\u0435, 2", "action_flag": 1, "change_message": "new through import_export"}}, {"model": "admin.logentry", "pk": 142, "fields": {"action_time": "2022-07-08T11:39:00.218Z", "user": 1, "content_type": 9, "object_id": "45", "object_repr": "[Review 45] [Title 18]-  2022-07-08 11:38:59.922334+00:00 [User 104]-   angry@yamdb.fake \u0421\u044e\u0436\u0435\u0442, \u043c\u044b\u0441\u043b\u044c, \u0444 8", "action_flag": 1, "change_message": "new through import_export"}}, {"model": "admin.logentry", "pk": 143, "fields": {"action_time": "2022-07-08T11:39:00.220Z", "user": 1, "content_type": 9, "object_id": "47", "object_repr": "[Review 47] [Title 19]-  2022-07-08 11:38:59.930497+00:00 [User 101]-   capt_obvious@yamdb.fake \u041d\u0435\u043f\u0440\u0430\u0432\u0434\u043e\u043f\u043e\u0434\u043e\u0431\u043d\u044b 10", "action_flag": 1, "change_message": "new through import_export"}}, {"model": "admin.logentry", "pk": 144, "fields": {"action_time": "2022-07-08T11:39:00.223Z", "user": 1, "content_type": 9, "object_id": "48", "object_repr": "[Review 48] [Title 19]-  2022-07-08 11:38:59.938101+00:00 [User 102]-   faust@yamdb.fake \u0418\u043d\u0442\u0435\u0440\u0435\u0441\u043d\u043e \u043f\u0440\u043e\u0434\u0443 8", "action_flag": 1, "change_message": "new through import_export"}}, {"model": "admin.logentry", "pk": 145, "fields": {"action_time": "2022-07-08T11:39:00.226Z", "user": 1, "content_type": 9, "object_id": "49", "object_repr": "[Review 49] [Title 20]-  2022-07-08 11:38:59.944259+00:00 [User 103]-   reviewer@yamdb.fake \u0412\u043d\u0438\u043c\u0430\u0442\u0435\u043b\u044c\u043d\u043e \u0441\u043b\u0435 10", "action_flag": 1, "change_message": "new through import_export"}}, {"model": "admin.logentry", "pk": 146, "fields": {"action_time": "2022-07-08T11:39:00.229Z", "user": 1, "content_type": 9, "object_id": "50", "object_repr": "[Review 50] [Title 20]-  2022-07-08 11:38:59.950829+00:00 [User 104]-   angry@yamdb.fake \u0410 \u0432\u043e\u0442 \u0443 \u043a\u0438\u043f\u0447\u0430\u043a\u043e 10", "action_flag": 1, "change_message": "new through import_export"}}, {"model": "admin.logentry", "pk": 147, "fields": {"action_time": "2022-07-08T11:39:00.231Z", "user": 1, "content_type": 9, "object_id": "51", "object_repr": "[Review 51] [Title 21]-  2022-07-08 11:38:59.957999+00:00 [User 100]-   bingobongo@yamdb.fake \u041f\u0440\u043e\u0447\u043b\u0430 \u043e\u0442 \u043d\u0430\u0447\u0430\u043b 1", "action_flag": 1, "change_message": "new through import_export"}}, {"model": "admin.logentry", "pk": 148, "fields": {"action_time": "2022-07-08T11:39:00.234Z", "user": 1, "content_type": 9, "object_id": "52", "object_repr": "[Review 52] [Title 21]-  2022-07-08 11:38:59.964077+00:00 [User 101]-   capt_obvious@yamdb.fake \u0421\u0443\u0440\u043e\u0432\u044b\u0435 \u0430\u043c\u0435\u0440\u0438\u043a\u0430 10", "action_flag": 1, "change_message": "new through import_export"}}, {"model": "admin.logentry", "pk": 149, "fields": {"action_time": "2022-07-08T11:39:00.237Z", "user": 1, "content_type": 9, "object_id": "53", "object_repr": "[Review 53] [Title 22]-  2022-07-08 11:38:59.970021+00:00 [User 102]-   faust@yamdb.fake \u041c\u043d\u043e\u0433\u0430\u0431\u0443\u043a\u0443\u0444. \u041d\u0438\u0430 10", "action_flag": 1, "change_message": "new through import_export"}}, {"model": "admin.logentry", "pk": 150, "fields": {"action_time": "2022-07-08T11:39:00.240Z", "user": 1, "content_type": 9, "object_id": "54", "object_repr": "[Review 54] [Title 22]-  2022-07-08 11:38:59.977808+00:00 [User 103]-   reviewer@yamdb.fake \u0415\u0441\u043b\u0438 \u0442\u0430\u043a\u043e\u0439 \u0436\u0430\u043d\u0440 10", "action_flag": 1, "change_message": "new through import_export"}}, {"model": "admin.logentry", "pk": 151, "fields": {"action_time": "2022-07-08T11:39:00.243Z", "user": 1, "content_type": 9, "object_id": "55", "object_repr": "[Review 55] [Title 22]-  2022-07-08 11:38:59.985348+00:00 [User 104]-   angry@yamdb.fake \u042f \u0412\u0438\u041c \u0432 \u0448\u043a\u043e\u043b\u0435 \u0447 8", "action_flag": 1, "change_message": "new through import_export"}}, {"model": "admin.logentry", "pk": 152, "fields": {"action_time": "2022-07-08T11:39:00.246Z", "user": 1, "content_type": 9, "object_id": "56", "object_repr": "[Review 56] [Title 23]-  2022-07-08 11:38:59.991908+00:00 [User 100]-   bingobongo@yamdb.fake \u041d\u0438\u0447\u0435\u0433\u043e \u043d\u0435 \u043f\u043e\u043d\u044f\u043b 3", "action_flag": 1, "change_message": "new through import_export"}}, {"model": "admin.logentry", "pk": 153, "fields": {"action_time": "2022-07-08T11:39:00.249Z", "user": 1, "content_type": 9, "object_id": "57", "object_repr": "[Review 57] [Title 23]-  2022-07-08 11:38:59.997345+00:00 [User 101]-   capt_obvious@yamdb.fake \u041d\u0435 \u043f\u043e\u043d\u044f\u043b \u0432\u043e\u043e\u0431\u0449\u0435 1", "action_flag": 1, "change_message": "new through import_export"}}, {"model": "admin.logentry", "pk": 154, "fields": {"action_time": "2022-07-08T11:39:00.252Z", "user": 1, "content_type": 9, "object_id": "58", "object_repr": "[Review 58] [Title 23]-  2022-07-08 11:39:00.002739+00:00 [User 102]-   faust@yamdb.fake \u0421\u043e\u0432\u0441\u0435\u043c \u043d\u0435\u043f\u043e\u043d\u044f\u0442\u043d 8", "action_flag": 1, "change_message": "new through import_export"}}, {"model": "admin.logentry", "pk": 155, "fields": {"action_time": "2022-07-08T11:39:00.255Z", "user": 1, "content_type": 9, "object_id": "59", "object_repr": "[Review 59] [Title 23]-  2022-07-08 11:39:00.011248+00:00 [User 103]-   reviewer@yamdb.fake \u0427\u0442\u043e \u044d\u0442\u043e \u0431\u044b\u043b\u043e?!  10", "action_flag": 1, "change_message": "new through import_export"}}, {"model": "admin.logentry", "pk": 156, "fields": {"action_time": "2022-07-08T11:39:00.258Z", "user": 1, "content_type": 9, "object_id": "60", "object_repr": "[Review 60] [Title 23]-  2022-07-08 11:39:00.018193+00:00 [User 104]-   angry@yamdb.fake \u0414\u0435\u0442\u0430\u043b\u044c\u043d\u043e \u043a\u043e\u043c\u043c\u0435\u043d 10", "action_flag": 1, "change_message": "new through import_export"}}, {"model": "admin.logentry", "pk": 157, "fields": {"action_time": "2022-07-08T11:39:00.261Z", "user": 1, "content_type": 9, "object_id": "63", "object_repr": "[Review 63] [Title 24]-  2022-07-08 11:39:00.024813+00:00 [User 102]-   faust@yamdb.fake \u041d\u0435 \u043c\u043e\u0436\u0435\u0442 \u0431\u044b\u0442\u044c \u0442 2", "action_flag": 1, "change_message": "new through import_export"}}, {"model": "admin.logentry", "pk": 158, "fields": {"action_time": "2022-07-08T11:39:00.264Z", "user": 1, "content_type": 9, "object_id": "64", "object_repr": "[Review 64] [Title 24]-  2022-07-08 11:39:00.030861+00:00 [User 103]-   reviewer@yamdb.fake \u0412\u0441\u0451 \u0441\u043e\u0432\u0435\u0440\u0448\u0435\u043d\u043d\u043e  9", "action_flag": 1, "change_message": "new through import_export"}}, {"model": "admin.logentry", "pk": 159, "fields": {"action_time": "2022-07-08T11:39:00.267Z", "user": 1, "content_type": 9, "object_id": "66", "object_repr": "[Review 66] [Title 25]-  2022-07-08 11:39:00.036307+00:00 [User 100]-   bingobongo@yamdb.fake \u042d\u0442\u043e \u043f\u0440\u043e\u0441\u0442\u043e \u00ab\u0412\u043e\u0439 10", "action_flag": 1, "change_message": "new through import_export"}}, {"model": "admin.logentry", "pk": 160, "fields": {"action_time": "2022-07-08T11:39:00.269Z", "user": 1, "content_type": 9, "object_id": "65", "object_repr": "[Review 65] [Title 25]-  2022-07-08 11:39:00.042663+00:00 [User 104]-   angry@yamdb.fake \u0415\u0441\u043b\u0438 \u0431\u044b \u044f \u0442\u043e\u043b\u044c\u043a 10", "action_flag": 1, "change_message": "new through import_export"}}, {"model": "admin.logentry", "pk": 161, "fields": {"action_time": "2022-07-08T11:39:00.272Z", "user": 1, "content_type": 9, "object_id": "67", "object_repr": "[Review 67] [Title 26]-  2022-07-08 11:39:00.048265+00:00 [User 101]-   capt_obvious@yamdb.fake \u0421\u043b\u0443\u0448\u0430\u044e \u0438 \u043f\u043b\u0430\u0447\u0443. 10", "action_flag": 1, "change_message": "new through import_export"}}, {"model": "admin.logentry", "pk": 162, "fields": {"action_time": "2022-07-08T11:39:00.275Z", "user": 1, "content_type": 9, "object_id": "68", "object_repr": "[Review 68] [Title 27]-  2022-07-08 11:39:00.053510+00:00 [User 102]-   faust@yamdb.fake \u041a\u0430\u043a\u043e\u0439-\u0442\u043e \u043d\u0435\u043f\u043e\u043d\u044f 1", "action_flag": 1, "change_message": "new through import_export"}}, {"model": "admin.logentry", "pk": 163, "fields": {"action_time": "2022-07-08T11:39:00.278Z", "user": 1, "content_type": 9, "object_id": "69", "object_repr": "[Review 69] [Title 27]-  2022-07-08 11:39:00.059667+00:00 [User 103]-   reviewer@yamdb.fake \u041d\u0438\u0447\u0435\u0433\u043e \u043d\u0435 \u043f\u043e\u043d\u044f\u0442 2", "action_flag": 1, "change_message": "new through import_export"}}, {"model": "admin.logentry", "pk": 164, "fields": {"action_time": "2022-07-08T11:39:00.280Z", "user": 1, "content_type": 9, "object_id": "71", "object_repr": "[Review 71] [Title 28]-  2022-07-08 11:39:00.066608+00:00 [User 100]-   bingobongo@yamdb.fake \u041d\u0435\u0443\u0436\u0435\u043b\u0438 \u043f\u0435\u0441\u043d\u044e \u043f 10", "action_flag": 1, "change_message": "new through import_export"}}, {"model": "admin.logentry", "pk": 165, "fields": {"action_time": "2022-07-08T11:39:00.283Z", "user": 1, "content_type": 9, "object_id": "70", "object_repr": "[Review 70] [Title 28]-  2022-07-08 11:39:00.072615+00:00 [User 104]-   angry@yamdb.fake \u0419\u044d\u043d \u0410\u043d\u0434\u0435\u0440\u0441\u043e\u043d \u0432\u0435 10", "action_flag": 1, "change_message": "new through import_export"}}, {"model": "admin.logentry", "pk": 166, "fields": {"action_time": "2022-07-08T11:39:00.285Z", "user": 1, "content_type": 9, "object_id": "72", "object_repr": "[Review 72] [Title 29]-  2022-07-08 11:39:00.078731+00:00 [User 101]-   capt_obvious@yamdb.fake \u041c\u044b \u043f\u0440\u044b\u0433\u0430\u043b\u0438, \u0432\u0435\u0440 10", "action_flag": 1, "change_message": "new through import_export"}}, {"model": "admin.logentry", "pk": 167, "fields": {"action_time": "2022-07-08T11:39:00.288Z", "user": 1, "content_type": 9, "object_id": "73", "object_repr": "[Review 73] [Title 30]-  2022-07-08 11:39:00.084554+00:00 [User 104]-   angry@yamdb.fake \u042d\u0442\u043e \u0435\u0434\u0438\u043d\u0441\u0442\u0432\u0435\u043d\u043d\u044b 10", "action_flag": 1, "change_message": "new through import_export"}}, {"model": "admin.logentry", "pk": 168, "fields": {"action_time": "2022-07-08T11:39:00.291Z", "user": 1, "content_type": 9, "object_id": "74", "object_repr": "[Review 74] [Title 31]-  2022-07-08 11:39:00.091342+00:00 [User 100]-   bingobongo@yamdb.fake \u0421\u0442\u0440\u0430\u043d\u043d\u043e: \u041c\u043e\u0446\u0430\u0440\u0442 8", "action_flag": 1, "change_message": "new through import_export"}}, {"model": "admin.logentry", "pk": 169, "fields": {"action_time": "2022-07-08T11:39:00.293Z", "user": 1, "content_type": 9, "object_id": "75", "object_repr": "[Review 75] [Title 32]-  2022-07-08 11:39:00.097180+00:00 [User 102]-   faust@yamdb.fake \u0411\u0430\u0445 forever. \u042d\u0442 10", "action_flag": 1, "change_message": "new through import_export"}}, {"model": "admin.logentry", "pk": 170, "fields": {"action_time": "2022-07-08T11:39:35.248Z", "user": 1, "content_type": 11, "object_id": "1", "object_repr": "[Comment 1] [Review 6]-  2022-07-08 11:39:35.224283+00:00 [User 102]-   faust@yamdb.fake \u041d\u0438\u0447\u0435\u0433\u043e \u043f\u043e\u0434\u043e\u0431\u043d\u043e\u0433", "action_flag": 1, "change_message": "new through import_export"}}, {"model": "admin.logentry", "pk": 171, "fields": {"action_time": "2022-07-08T11:39:35.252Z", "user": 1, "content_type": 11, "object_id": "2", "object_repr": "[Comment 2] [Review 6]-  2022-07-08 11:39:35.232810+00:00 [User 101]-   capt_obvious@yamdb.fake \u041d\u0443 \u043d\u0430\u0434\u043e \u0436\u0435, \u043d\u0435 ", "action_flag": 1, "change_message": "new through import_export"}}, {"model": "admin.logentry", "pk": 172, "fields": {"action_time": "2022-07-08T11:39:35.255Z", "user": 1, "content_type": 11, "object_id": "3", "object_repr": "[Comment 3] [Review 6]-  2022-07-08 11:39:35.242285+00:00 [User 103]-   reviewer@yamdb.fake \u041a\u0441\u0442\u0430\u0442\u0438, \u0430 \u0447\u0442\u043e \u0442", "action_flag": 1, "change_message": "new through import_export"}}]